[["Mei apni inventory add kerna chahta hun\r",{"entities":[[9,18,"SCREEN"],[19,22,"ACTION"]]}],["I want to add my inventory\r",{"entities":[[10,13,"ACTION"],[17,26,"SCREEN"]]}],
["I want to see subscription packages\r",{"entities":[[14,26,"SCREEN"]]}],
["I want to upgrade my subscription\r",{"entities":[[21,33,"SCREEN"]]}],
["mere wallet mei kitny pese hai\r",{"entities":[[5,11,"SCREEN"]]}],
["mujhy apni listing dekhni hai\r",{"entities":[[11,18,"SCREEN"]]}],
["mujhy listing ki analytics dekhni hai\r",{"entities":[[6,13,"SCREEN"]]}],
["meri listing usage kitni hogye hai\r",{"entities":[[5,12,"SCREEN"]]}],
["mere pass abhi kitny refreshes bachy hai\r",{"entities":[[21,30,"SCREEN"]]}],
["mei refresh din mei kitny dafa use kersakta hun\r",{"entities":[[4,11,"SCREEN"]]}],
["mujhy post banana hai\r",{"entities":[[6,10,"SCREEN"]]}],
["mujhy broucher banana hai\r",{"entities":[[6,14,"SCREEN"]]}],
["post kis tarah se banyga\r",{"entities":[[0,4,"SCREEN"]]}],
["brouchure kis tarah se banyga\r",{"entities":[[0,9,"SCREEN"]]}],
["broucher bana kr dou\r",{"entities":[[0,8,"SCREEN"]]}],
["post banao\r",{"entities":[[0,4,"SCREEN"]]}],
["letterhead banao\r",{"entities":[[0,10,"SCREEN"]]}],
["Business card bana na hai\r",{"entities":[[0,13,"SCREEN"]]}],
["business card banao\r",{"entities":[[0,13,"SCREEN"]]}],
["Quotation bana ni hai\r",{"entities":[[0,9,"SCREEN"]]}],
["quotation banao\r",{"entities":[[0,9,"SCREEN"]]}],
["payment plan banao\r",{"entities":[[0,12,"SCREEN"]]}],
["payment plan banana hai\r",{"entities":[[0,12,"SCREEN"]]}],
["payment plan kese banyga\r",{"entities":[[0,12,"SCREEN"]]}],
["post kese banyga\r",{"entities":[[0,4,"SCREEN"]]}],
["brochure kese banyga\r",{"entities":[[0,8,"SCREEN"]]}],
["business card kese banyga\r",{"entities":[[0,13,"SCREEN"]]}],
["letterhead kese banta hai\r",{"entities":[[0,10,"SCREEN"]]}],
["business card ke color change kro\r",{"entities":[[0,13,"SCREEN"]]}],
["listing add kro\r",{"entities":[[0,7,"SCREEN"],[8,11,"ACTION"]]}],
["Inventory add kese hogi\r",{"entities":[[0,9,"SCREEN"],[10,13,"ACTION"]]}],
["inventory dikhao meri\r",{"entities":[[0,9,"SCREEN"]]}],
["lead add krni hai \r",{"entities":[[0,4,"SCREEN"],[5,8,"ACTION"]]}],
["staff request check karen\r",{"entities":[[0,5,"SCREEN"]]}],
["staff remove krna hai\r",{"entities":[[0,5,"SCREEN"]]}],
["staff add karoo\r",{"entities":[[0,5,"SCREEN"],[6,9,"ACTION"]]}],
["commission manage kese karoo\r",{"entities":[[0,10,"SCREEN"]]}],
["commission set kese hoga\r",{"entities":[[0,10,"SCREEN"]]}],
["quotation banao\r",{"entities":[[0,9,"SCREEN"]]}],
["quotation kese banygi\r",{"entities":[[0,9,"SCREEN"]]}],
["mujhy quotation banani hai\r",{"entities":[[6,15,"SCREEN"]]}],
["sale offer bana kr dou\r",{"entities":[[5,10,"SCREEN"]]}],
["sale receipt banao\r",{"entities":[[0,4,"ACTION"],[5,12,"SCREEN"]]}],
["sale receipt kese banygi\r",{"entities":[[0,4,"ACTION"],[5,12,"SCREEN"]]}],
["offer kese banygi\r",{"entities":[[0,5,"SCREEN"]]}],
["What is inventory management?\r",{"entities":[[8,17,"SCREEN"]]}],
["How to add inventory?\r",{"entities":[[7,10,"ACTION"],[11,20,"SCREEN"]]}],
["I want to add my inventory.\r",{"entities":[[10,13,"ACTION"],[17,26,"SCREEN"]]}],
["I want to see subscription packages.\r",{"entities":[[27,35,"SCREEN"]]}],
["I want to upgrade my subscription.\r",{"entities":[[21,33,"SCREEN"]]}],
["How much money do I have in my wallet?\r",{"entities":[[31,37,"SCREEN"]]}],
["I want to view my listing.\r",{"entities":[[18,25,"SCREEN"]]}],
["I want to see listing analytics.\r",{"entities":[[14,21,"SCREEN"]]}],
["How much has my listing been used?\r",{"entities":[[16,23,"SCREEN"]]}],
["How many refreshes do I have left?\r",{"entities":[[9,18,"SCREEN"]]}],
["How many times can I refresh in a day?\r",{"entities":[[21,28,"SCREEN"]]}],
["What is a marketing tool?\r",{"entities":[[10,24,"SCREEN"]]}],
["I want to create a post.\r",{"entities":[[19,23,"SCREEN"]]}],
["I want to create a brochure.\r",{"entities":[[19,27,"SCREEN"]]}],
["How do I create a post?\r",{"entities":[[18,22,"SCREEN"]]}],
["How do I create a brochure?\r",{"entities":[[18,26,"SCREEN"]]}],
["Create a brochure for me.\r",{"entities":[[9,17,"SCREEN"]]}],
["Create a post.\r",{"entities":[[9,13,"SCREEN"]]}],
["Create a letterhead.\r",{"entities":[[9,19,"SCREEN"]]}],
["I need to make a business card.\r",{"entities":[[17,30,"SCREEN"]]}],
["Create a business card.\r",{"entities":[[9,22,"SCREEN"]]}],
["I need to make a quotation.\r",{"entities":[[17,26,"SCREEN"]]}],
["Create a quotation.\r",{"entities":[[9,18,"SCREEN"]]}],
["Create a payment plan.\r",{"entities":[[9,21,"SCREEN"]]}],
["Create a payment plan for me.\r",{"entities":[[9,21,"SCREEN"]]}],
["How do I create a payment plan?\r",{"entities":[[18,30,"SCREEN"]]}],
["How do I create a post?\r",{"entities":[[18,22,"SCREEN"]]}],
["How do I create a brochure?\r",{"entities":[[18,26,"SCREEN"]]}],
["How do I create a business card?\r",{"entities":[[18,31,"SCREEN"]]}],
["How is a letterhead created?\r",{"entities":[[9,19,"SCREEN"]]}],
["Change the color of the business card.\r",{"entities":[[24,37,"SCREEN"]]}],
["Add a listing.\r",{"entities":[[0,3,"ACTION"],[6,13,"SCREEN"]]}],
["How do I add a listing?\r",{"entities":[[9,12,"ACTION"],[15,22,"SCREEN"]]}],
["How to add inventory?\r",{"entities":[[7,10,"ACTION"],[11,20,"SCREEN"]]}],
["Show me my inventory.\r",{"entities":[[11,20,"SCREEN"]]}],
["I need to add a lead.\r",{"entities":[[10,13,"ACTION"],[16,20,"SCREEN"]]}],
["How do I add a lead?\r",{"entities":[[9,12,"ACTION"],[15,19,"SCREEN"]]}],
["Add data for the lead.\r",{"entities":[[0,3,"ACTION"],[17,21,"SCREEN"]]}],
["How to manage staff?\r",{"entities":[[14,19,"SCREEN"]]}],
["How to add staff?\r",{"entities":[[11,16,"SCREEN"]]}],
["Check staff requests.\r",{"entities":[[6,11,"SCREEN"]]}],
["Remove staff.\r",{"entities":[[7,12,"SCREEN"]]}],
["I want to remove staff.\r",{"entities":[[17,22,"SCREEN"]]}],
["Add staff.\r",{"entities":[[0,3,"ACTION"],[4,9,"SCREEN"]]}],
["How to manage commissions?\r",{"entities":[[14,25,"SCREEN"]]}],
["Set commission for a project.\r",{"entities":[[4,14,"SCREEN"]]}],
["Set commission for a property.\r",{"entities":[[4,14,"SCREEN"]]}],
["How to set commission?\r",{"entities":[[11,21,"SCREEN"]]}],
["Show commission receipt.\r",{"entities":[[5,15,"SCREEN"]]}],
["Create a quotation.\r",{"entities":[[9,18,"SCREEN"]]}],
["How to create a quotation?\r",{"entities":[[16,25,"SCREEN"]]}],
["I want to create a quotation.\r",{"entities":[[19,28,"SCREEN"]]}],
["Create a sale offer.\r",{"entities":[[14,19,"SCREEN"]]}],
["Create a sale receipt.\r",{"entities":[[9,13,"ACTION"],[14,21,"SCREEN"]]}],
["How to create a sale receipt?\r",{"entities":[[16,20,"ACTION"],[21,28,"SCREEN"]]}],
["How to create an offer?\r",{"entities":[[17,22,"SCREEN"]]}],
["How to create a quotation?\r",{"entities":[[16,25,"SCREEN"]]}],
["i want to manage my listings\r",{"entities":[[10,16,"ACTION"],[20,28,"SCREEN"]]}],
["mujhy apni listings manage karni hai\r",{"entities":[[11,19,"SCREEN"],[20,26,"ACTION"]]}],
["listing kese manage karengy\r",{"entities":[[0,7,"SCREEN"],[13,19,"ACTION"]]}],
["How to manage my lisitng?\r",{"entities":[[7,13,"ACTION"],[17,24,"SCREEN"]]}],
["How to check staff requests?\r",{"entities":[[13,18,"SCREEN"],[19,27,"ACTION"]]}],
["how can i see the staff requests?\r",{"entities":[[18,23,"SCREEN"],[24,32,"ACTION"]]}],
["staff ki request ko kese dekhengy\r",{"entities":[[0,5,"SCREEN"],[9,16,"ACTION"]]}],
["mujhe staff request dekhao\r",{"entities":[[6,11,"SCREEN"],[12,19,"ACTION"]]}],
["mujhe staff ki request dekhni hai\r",{"entities":[[6,11,"SCREEN"],[15,22,"ACTION"]]}],
["i want to see staff requests\r",{"entities":[[14,19,"SCREEN"],[20,28,"ACTION"]]}],
["i want to edit my agency profile\r",{"entities":[[18,24,"ACTION"],[25,32,"SCREEN"]]}],
["how can i edit my agency profile\r",{"entities":[[18,24,"ACTION"],[25,32,"SCREEN"]]}],
["mein apni agency profile ko kese edit krskta hon\r",{"entities":[[10,16,"ACTION"],[17,24,"SCREEN"]]}],
["mujhe agency ki profile dekhao\r",{"entities":[[6,12,"ACTION"],[16,23,"SCREEN"]]}],
["mujhe agency ki profile dekhni hai\r",{"entities":[[6,12,"ACTION"],[16,23,"SCREEN"]]}],
["agency ki profile dekhao\r",{"entities":[[0,6,"ACTION"],[10,17,"SCREEN"]]}],
["mujhe apni profile dekhni hai\r",{"entities":[[11,18,"SCREEN"]]}],
["mujhe apni profile dekhao\r",{"entities":[[11,18,"SCREEN"]]}],
["i want to see my profile \r",{"entities":[[17,24,"SCREEN"]]}],
["me apni permission kese dekh sakta hon\r",{"entities":[[8,18,"SCREEN"]]}],
["how to manage my permission\r",{"entities":[[17,27,"SCREEN"]]}],
["i want to manage my permission\r",{"entities":[[20,30,"SCREEN"]]}],
["i want to redeem my code\r",{"entities":[[10,16,"SCREEN"]]}]
,["how can i redeem my code\r",{"entities":[[10,16,"SCREEN"]]}],
["i want to redeem my subscription code \r",{"entities":[[10,16,"SCREEN"]]}],
["subscription code ko kese redeem karengy\r",{"entities":[[26,32,"SCREEN"]]}],
["mujhe apna subscription code redeem karna hai\r",{"entities":[[29,35,"SCREEN"]]}],
["mujhe client refer karna hai\r",{"entities":[[13,18,"SCREEN"]]}],
["how to refer a client\r",{"entities":[[7,12,"SCREEN"]]}],
["how to refer an agent\r",{"entities":[[7,12,"SCREEN"]]}],
["client ko kese refer karengy\r",{"entities":[[15,20,"SCREEN"]]}],
["AddOns kesy select karengy?\r",{"entities":[[0,6,"SCREEN"]]}],
["AddOns kesy add karengy?\r",{"entities":[[0,6,"SCREEN"]]}],
["how to select AddOns?\r",{"entities":[[14,20,"SCREEN"]]}],
["mujhe add on add karne hain\r",{"entities":[[6,12,"SCREEN"]]}],
["mujhe extra listing add karni hain\r",{"entities":[[6,11,"ACTION"],[12,19,"SCREEN"]]}],
["go to Addon\r",{"entities":[[6,11,"SCREEN"]]}],
["i want to select Add ons\r",{"entities":[[17,24,"SCREEN"]]}],
["mujhe apni transaction reciept dekhni hai\r",{"entities":[[23,30,"SCREEN"]]}],
["mujhe apni transaction reciept dekhni hai\r",{"entities":[[11,22,"ACTION"],[23,30,"SCREEN"]]}],
["how can i see my transaction reciept\r",{"entities":[[29,36,"SCREEN"]]}],
["open webestate\r",{"entities":[[5,14,"SCREEN"]]}],
["mujhe catalogue dekhna hai\r",{"entities":[[6,15,"SCREEN"]]}],
["mujhe web catalogue dekhna hai\r",{"entities":[[6,19,"SCREEN"]]}],
["chatbot kholo\r",{"entities":[[0,7,"SCREEN"]]}],
["mujhe chatbot pe chat karni hai\r",{"entities":[[6,13,"SCREEN"]]}],
["chat bot kholo\r",{"entities":[[0,8,"SCREEN"]]}],
["mujhe chat bot pe chat karni hai\r",{"entities":[[6,14,"SCREEN"]]}],
["catalogue dikhao\r",{"entities":[[0,9,"SCREEN"]]}],
["web estate kholo",{"entities":[[0,10,"SCREEN"]]}],
["mujhe apna subscription code redeem karna hai\r",{"entities":[[29,35,"SCREEN"]]}],
["mujhe apna subscription code claim karna hai\r",{"entities":[[29,34,"SCREEN"]]}],
["i want to claim my token\r",{"entities":[[10,15,"SCREEN"]]}],
["code kase claim karengy\r",{"entities":[[10,15,"SCREEN"]]}],
["how to claim my voucher\r",{"entities":[[7,12,"SCREEN"]]}],
["mujhe agent ko invite karna hai\r",{"entities":[[15,21,"SCREEN"]]}],
["i want to check my transaction invoice\r",{"entities":[[19,30,"ACTION"],[31,38,"SCREEN"]]}],
["mujhe bill dekhao\r",{"entities":[[6,10,"SCREEN"]]}],
["how can i see my transaction reciept\r",{"entities":[[17,28,"ACTION"],[29,36,"SCREEN"]]}],
["how can i see my transactional reciepts\r",{"entities":[[17,30,"ACTION"],[31,39,"SCREEN"]]}],
["web state kholo\r",{"entities":[[0,9,"SCREEN"]]}],
["web estate dekhao\r",{"entities":[[0,10,"SCREEN"]]}],
["mujhe web state dekhni hai\r",{"entities":[[6,15,"SCREEN"]]}],
["mujhe unsubscribe karna hi\r",{"entities":[[6,17,"SCREEN"]]}],
["mujhe package unsubscribe karna hi\r",{"entities":[[6,13,"SCREEN"],[14,25,"ACTION"]]}],
["mujhe packages unsubscribe karna hi\r",{"entities":[[6,14,"SCREEN"],[15,26,"ACTION"]]}],
["package hatana hai\r",{"entities":[[0,7,"SCREEN"],[8,14,"ACTION"]]}],
["packages hatana hai\r",{"entities":[[0,8,"SCREEN"],[9,15,"ACTION"]]}],
["i want to unsubscribe package\r",{"entities":[[10,21,"ACTION"],[22,29,"SCREEN"]]}],
["remove my packages\r",{"entities":[[0,6,"ACTION"],[10,18,"SCREEN"]]}],
["i want to cancel my packages\r",{"entities":[[10,16,"ACTION"],[20,28,"SCREEN"]]}],
["mujhe package ki details dekhni hai\r",{"entities":[[6,13,"SCREEN"],[17,24,"ACTION"]]}],
["how can i see my package details",{"entities":[[17,24,"SCREEN"],[25,32,"ACTION"]]}],
["i want to add extra lisitngs\r",{"entities":[[14,19,"ACTION"],[20,28,"SCREEN"]]}],
["mujhe extra listing chaye\r",{"entities":[[6,11,"ACTION"],[12,19,"SCREEN"]]}],
["how can i add extra listing\r",{"entities":[[14,19,"ACTION"],[20,27,"SCREEN"]]}],
["extra listing add karne ka tarika\r",{"entities":[[0,5,"ACTION"],[6,13,"SCREEN"]]}],
["mujhe help chye \r",{"entities":[[6,10,"SCREEN"]]}],
["please help me\r",{"entities":[[7,11,"SCREEN"]]}],
["i need help\r",{"entities":[[7,11,"SCREEN"]]}],
["mujhe madad chaye\r",{"entities":[[6,11,"SCREEN"]]}],
["meri madad karo\r",{"entities":[[5,10,"SCREEN"]]}],
["madad kahan se mily gi",{"entities":[[0,5,"SCREEN"]]}]]