Action,Screen,Navigation
add,inventory,/addInventory
None,inventory,/inventoryManagement
add,subscription,/customPackageScreen
None,subscription,/customPackageScreen
add,wallet,/WalletScreen
None,wallet,/WalletScreen
add,listing,/AddListing
add,post,/propertyDetailsPostCreatorScreen
None,post,/propertyDetailsPostCreatorScreen
add,brochure,/propertyDetailsBrochureScreen
None,brochure,/propertyDetailsBrochureScreen
add,letter head,/letterHeadScreen
None,letter head,/letterHeadScreen
add,letterhead,/letterHeadScreen
None,letterhead,/letterHeadScreen
add,business card,/businessCardScreen
None,business card,/businessCardScreen
add,quotation,/intialSelection
None,quotation,/intialSelection
add,lead,/addLeadScreen
None,lead,/InventoryAssignStaff
add,staff,/addMember
None,staff,/manageStaff
add,commission,/setStaffCommision
None,commission,/setStaffCommision
add,offer,/finalizeSale
None,offer,/finalizeSale
add,receipt,/finalizeSale
sale,receipt,/finalizeSale
sales,receipt,/finalizeSale
add,packages,/customPackageScreen
None,packages,/customPackageScreen
add,marketing tools,/ToolsListScreen
None,marketing tools,/ToolsListScreen
add,payment plan,/installmentPlanForTool
None,payment plan,/installmentPlanForTool
add,inventories,/addInventory
None,inventories,/inventoryManagement
add,subscriptions,/customPackageScreen
None,subscriptions,/customPackageScreen
add,wallets,/WalletScreen
None,wallets,/WalletScreen
add,listings,/AddListing
None,listings,/listingMainScreen
add,posts,/propertyDetailsPostCreatorScreen
None,posts,/propertyDetailsPostCreatorScreen
add,brochures,/propertyDetailsBrochureScreen
None,brochures,/propertyDetailsBrochureScreen
add,letter heads,/letterHeadScreen
None,letter heads,/letterHeadScreen
add,business cards,/businessCardScreen
None,business cards,/businessCardScreen
add,quotations,/intialSelection
None,quotations,/intialSelection
add,leads,/addLeadScreen
None,leads,/InventoryAssignStaff
add,staffs,/addMember
None,staffs,/manageStaff
add,commissions,/setStaffCommision
None,commissions,/setStaffCommision
add,offers,/finalizeSale
add,receipts,/finalizeSale
sale,receipts,/finalizeSale
sales,receipts,/finalizeSale
add,package,/customPackageScreen
None,package,/customPackageScreen
add,marketing tool,/ToolsListScreen
None,marketing tool,/ToolsListScreen
add,payment plans,/installmentPlanForTool
None,payment plans,/installmentPlanForTool
add,catalogue,/webCatlogMainScreen
None,catalogue,/webCatlogMainScreen
add,web catalogue,/webCatlogMainScreen
None,web catalogue,/webCatlogMainScreen
add,web estate,/webCatlogMainScreen
None,web estate,/webCatlogMainScreen
add,webestate,/webCatlogMainScreen
None,webestate,/webCatlogMainScreen
None,web state,/webCatlogMainScreen
add,chatbot,/chatbotScreen
None,chatbot,/chatbotScreen
add,chat bot,/chatbotScreen
None,chat bot,/chatbotScreen
manage,listing,/manageListing
manage,listings,/manageListing
request,staff,/staffRequest
agency,profile,/editAgencyProfile
agency,profiles,/editAgencyProfile
None,profile,/profileScreen
None,permission,/ManagePermission
None,permissions,/ManagePermission
None,redeem,/redeemScreen
None,claim,/redeemScreen
None,refer,/referClient
None,invite,/referClient
None,AddOns,/SelectAddOns
None,Add ons,/SelectAddOns
None,AddOn,/SelectAddOns
None,add on,/SelectAddOns
extra,listing,/SelectAddOns
None,reciept,/transaction_receiptScreen
transaction,invoice,/transaction_receiptScreen
None,bill,/transaction_receiptScreen
None,receipts,/transaction_receiptScreen
transaction,receipt,/transaction_receiptScreen
transactional,receipts,/transaction_receiptScreen
transaction,receipts,/transaction_receiptScreen
hatana,packages,/ManageMembership
hatana,package,/ManageMembership
cancel,packages,/ManageMembership
cancel,package,/ManageMembership
remove,packages,/ManageMembership
remove,package,/ManageMembership
unsubscribe,packages,/ManageMembership
unsubscribe,package,/ManageMembership
None,help,/helpAndSupportScreen
None,madad,/helpAndSupportScreen
