Voice Questions,Action,Screen,Navigation
Mei apni inventory add kerna chahta hun,Add,inventory,Add Inventory
I want to add my inventory,Add,inventory,Add Inventory
I want to see subscription packages,None,subscription,Available packages
I want to upgrade my subscription,None,subscription,Available packages
mere wallet mei kitny pese hai,None,wallet,Wallet Main Screen
mujhy apni listing dekhni hai,None,listing,My Listings
mujhy listing ki analytics dekhni hai,None,listing,My Listings
meri listing usage kitni hogye hai,None,listing,My Listings
mere pass abhi kitny refreshes bachy hai,None,listing,My Listings
mei refresh din mei kitny dafa use kersakta hun,None,listing,My Listings
mujhy post banana hai,None,post,Post Creator
mujhy broucher banana hai,None,brochure,Brochure Creator
post kis tarah se banyga,None,post,Post Creator
brouchure kis tarah se banyga,None,brochure,Brochure Creator
broucher bana kr dou,None,brochure,Brochure Creator
post banao,None,post,Post Creator
letterhead banao,None,letter head,Letterhead Creator
Business card bana na hai,None,business card,Business Card Creator
business card banao,None,business card,Business Card Creator
Quotation bana ni hai,None,quotation,Sale Quotation Maker
quotation banao,None,quotation,Sale Quotation Maker
payment plan banao,None,playment plan,Payment Plan Creator
payment plan banana hai,None,playment plan,Payment Plan Creator
payment plan kese banyga,None,playment plan,Payment Plan Creator
post kese banyga,None,post,Post Creator
brochure kese banyga,None,brochure,Brochure Creator
business card kese banyga,None,business card,Business Card Creator
letterhead kese banta hai,None,letter head,Letterhead Creator
business card ke color change kro,None,business card,Business Card Creator
listing add kro,Add,listing,Add Listing
Inventory add kese hogi,Add,listing,Add Inventory
inventory dikhao meri,None,listing,Inventory Management
lead add krni hai ,Add,lead,Add Lead
staff request check karen,None,staff,Check Requests - Staff Management
staff remove krna hai,None,staff,Staff Management
staff add karoo,Add,staff,Add Staff
commission manage kese karoo,None,commision,Commission Management
commission set kese hoga,None,commision,Commission Management
quotation banao,None,quotation,Sale Quotation Maker
quotation kese banygi,None,quotation,Sale Quotation Maker
mujhy quotation banani hai,None,quotation,Sale Quotation Maker
sale offer bana kr dou,None,offer,Offer & Sales Receipt
sale receipt banao,None,reciept,Offer & Sales Receipt
sale receipt kese banygi,None,reciept,Offer & Sales Receipt
offer kese banygi,None,offer,Offer & Sales Receipt
What is inventory management?,None,inventory,Inventory Management
How to add inventory?,Add,inventory,Add Inventory
I want to add my inventory.,Add,inventory,Add Inventory
I want to see subscription packages.,None,packages,Available Packages
I want to upgrade my subscription.,None,packages,Available Packages
How much money do I have in my wallet?,None,wallet,Wallet
I want to view my listing.,None,listing,My Listings
I want to see listing analytics.,None,listing,My Listings
How much has my listing been used?,None,listing,My Listings
How many refreshes do I have left?,None,listing,My Listings
How many times can I refresh in a day?,None,listing,My Listings
What is a marketing tool?,None,marketing tools,Marketing Tools
I want to create a post.,None,post,Post Creator
I want to create a brochure.,None,brochure,Brochure Creator
How do I create a post?,None,post,Post Creator
How do I create a brochure?,None,brochure,Brochure Creator
Create a brochure for me.,None,brochure,Brochure Creator
Create a post.,None,post,Post Creator
Create a letterhead.,None,letter head,Letterhead Creator
I need to make a business card.,None,business card,Business card Creator
Create a business card.,None,business card,Business card Creator
I need to make a quotation.,None,quotation,Sale Quotation Maker
Create a quotation.,None,quotation,Sale Quotation Maker
Create a payment plan.,None,payment plan,Payment Plan Creator
Create a payment plan for me.,None,payment plan,Payment Plan Creator
How do I create a payment plan?,None,payment plan,Payment Plan Creator
How do I create a post?,None,post,Post Creator
How do I create a brochure?,None,brochure,Brochure Creator
How do I create a business card?,None,business card,Business card Creator
How is a letterhead created?,None,letter head,Letterhead Creator
Change the color of the business card.,None,business card,Business card Creator
Add a listing.,Add,listing,Add Listing
How do I add a listing?,Add,listing,Add Listing
How to add inventory?,Add,inventory,Add Inventory
Show me my inventory.,None,inventory,Inventory Management
I need to add a lead.,Add,lead,Add Lead
How do I add a lead?,Add,lead,Add Lead
Add data for the lead.,Add,lead,Add Lead
How to manage staff?,None,staff,Staff Management
How to add staff?,None,staff,Staff Management
Check staff requests.,None,staff,Staff Management
Remove staff.,None,staff,Staff Management
I want to remove staff.,None,staff,Staff Management
Add staff.,Add,staff,Staff Management
How to manage commissions?,None,commision,Commission Management
Set commission for a project.,None,commision,Commission Management
Set commission for a property.,None,commision,Commission Management
How to set commission?,None,commision,Commission Management
Show commission receipt.,None,commision,Commission Management
Create a quotation.,None,quotation,Sale Quotation Maker
How to create a quotation?,None,quotation,Sale Quotation Maker
I want to create a quotation.,None,quotation,Sale Quotation Maker
Create a sale offer.,None,offer,Offer & Sales Receipt
Create a sale receipt.,None,reciept,Offer & Sales Receipt
How to create a sale receipt?,None,reciept,Offer & Sales Receipt
How to create an offer?,None,offer,Offer & Sales Receipt
How to create a quotation?,None,quotation,Sale Quotation Maker
