Description,Category
"Strategic location at University Road Link in Scheme 33,From a state-of-the-art gymnasium .",good
"To make ownership more accessible, all units in Premier One are available through a 60-month instalment plan.",good
"Comprises of three towers; each having 12 floors, with breathtaking views of the university road link, Scheme 33",good
"monthly instalment plans and a flexible 10% down payment option, Snow Pines Murree Phase II offers an exclusive pre-launch offer,",good
"The amenities offered include a gated community, 24/7 security, a community club, parks, etc.",good
2 beds houses designer cottage  with breathtaking views of the beauty of Murree at Snow Pines,good
3 Beds houses signature chalet  with breathtaking views of the beauty of Murree at Snow ,good
"Shahmir Residency is an ideal  exclusive & essential facilities enhancing privacy, promoting aesthetics, ensuring security, and absorbing environmental dream a reality.",good
Shahmir residency for the Convenience of its Residents Masjid.School.Community center.,good
"A 14-storey tall, state-of-the-art mall, hotel and residential complex, Zameen Ace Mall is a project approved by DHA Islamabad",good
"The area is in the immediate vicinity of Bahria Town, Naval Anchorage, and PWD Housing Scheme, ",good
"Zameen Ace Mall, deemed as the most trustworthy investment in DHA Islamabad, is a holistic package for investors,",good
The flagship Zameen Developments project boasts an exceptional concept  natural views of Lahore’s very famous Canal.,good
An absolutely safe investment opportunity with rewarding potential.,good
The project is situated on an attractive corner location directly accessible from the main Canal Road.,good
Penthouses and premium apartments in Zameen Phoenix not only feature private terraces but also have dedicated elevators opening directly into lobbies.,good
A high-profile project in a rapidly developing vicinity guarantees profitable returns to investors,good
"Zameen Jade acts as the beacon of light at the entrance of the community. project offers 415 apartments that are truly unique in ethos, context and design",good
"Inventory that presents something for everyone Studios, 1-Bed, 2-Bed, 3-Bed, and 4-Bed Apartments",good
"The establishment boasts a 15-story master plan, bifurcated into 3 basements, a ground floor and 11 upper floors peaceful environment for the families.",good
"The perfectly landscaped entrance and spacious rooftop give way to gorgeous, while the apartments are naturally ventilated and offer stunning views of the city.",good
"Real estate prices in the vicinity increased by 40-50% in the last 3 years, and are projected to increase by 50-60% during the next 3 years.",good
"Zameen Aurum’s unique design, coupled with the highest standards of construction, make it the most desirable destination for your future home.",good
"An optimal location Gulberg, Lahore; directly connecting Zameen Aurum to the prime areas of the city.",good
"An area of 4 kanals, Zameen Aurum seamlessly combines the comfort of home with the desire of luxury for both residents and visitors.",good
Offers premium facilities at a much lower price than other real estate projects in the vicinity.,good
", Zameen Aurum seamlessly combines the comfort of home with the desire of luxury for both residents and visitors",good
" master plan,  11 upper floors; which harmoniously incubate a secure and peaceful environment for the families.",good
"Create memories in this inviting 4-bedroom family home in Sialkot, with a spacious yard for outdoor activities and gatherings.",good
"1 Kanal Residential Plot for Sale - Plot # B-16, Street # 19, Islamabad",good
"1 Kanal Residential Plot for Sale - Plot # E-07 S.S Boulevard. DHA Phase 2, Islamabad.",good
"1 Kanal Residential Plot for Sale - Plot # F-27, Street # 16, DHA Phase 2, Islamabad.",good
"1 Kanal Residential Plot for Sale - Plot # E-05, Iqbal Boulevard. DHA Phase 2, Islamabad",good
"1 Kanal Residential Plot for Sale - Plot # F-27, Street # 15. Islamabad",good
5 Bedrooms With Attached WashroomsDrawing Room 2 Tv Lounges2 Kitchen 2 Car ParkingDouble,good
Bahria Town Phase 6 13 Marla Brand New Double unit 6 Bedroom 6 washroom 2 kitchen 2 Drawing room,good
"1 Kanal Residential Plot Available for Sale - Plot # F-69, Z-1 A, DHA Phase 5. Islamabad",good
"1 Kanal Residential Plot Available for Sale - Plot # F1-8, St # 43, DHA Phase 5. Islamabad",good
Expecting High Growth In 1 Year Due to Completion Of flyover attach DHA2 5,good
"5 Marla Residential Plot for Sale - Plot # F-14, Street # 73, DHA Phase 5. Islamabad",good
" Kanal Residential Plot Available for Sale - Plot # F1-0, St # 47, DHA Phase 5. Islamabad",good
"1 Kanal Residential Plot Available for Sale - Plot # F1-11, St # 19, DHA Phase 5. Islamabad",good
"1 Kanal Residential Plot Available for Sale - Plot # A-1, 1st Avenue, DHA Phase 5. Islamabad",good
"
1 Kanal Residential Plot Available for Sale - Plot # F1-2, St # 7, DHA Phase 5. Islamabad",good
"1 Kanal Residential Plot Available for Sale - Plot # A-7, St # 28, DHA Phase 5. Islamabad",good
"1 Kanal Residential Plot Available for Sale - Plot # A-44, St # 26, DHA Phase 5. Islamabad",good
"2 Kanal Residential Plot Available for Sale - A-41 & 42, Street # 23, DHA Phase 5. Islamabad. Pair Plots of 1+1 Kanal.",good
"1 Kanal Residential Plot Available for Sale - A-13, Street # 23, DHA Phase 5. Islamabad",good
"25 Marla Residential Plot Available for Sale - A-43, Street # 7, DHA Phase 5. Islamabad",good
"1 Kanal Residential Plot Available for Sale -C 44, Johar Boulevard, DHA Phase 5, Islamabad",good
"2 Kanal Residential Plot Available for Sale -K 10, St 5, DHA Phase 5, Islamabad",good
"1 Kanal Residential Plot Available for Sale - H-8, St 19, DHA Phase 5, Islamabad",good
"1 Kanal Residential Plot Available for Sale - Plot # E 15, Lane 10, DHA Phase 2. Islamabad",good
"10 Marla Residential Plot Available for Sale - DHA Phase 3, Islamabad",good
"5 Marla Residential Plot Available for Sale - DHA Phase 3, Islamabad",good
"10 Marla Residential Plot Available for Sale - Plot j3 & 4, St 2, DHA Phase 5, Islamabad",good
"10 Marla Residential Plot Available for Sale - Plot j 41, 1st Avenue, DHA Phase 5, Islamabad",good
"1 Kanal Residential Plot Available for Sale - Plot D 31, St 12, DHA Phase 5, Islamabad",good
"1 Kanal Residential Plot Available for Sale - Plot B 17, St 10, DHA Phase 2. Islamabad",good
" Kanal Residential Plot Available for Sale - Plot B 9, Lane 9, DHA Phase 2. Islamabad",good
"1 Kanal Residential Plot Available for Sale - Sector H, DHA Phase 2, Islamabad",good
5 marla residential plot for sale in johar town lahore,good
plot 10 marla phase 1 D block 2nd to corner direct,good
5 acre 1 kanal land for sale on main satiana tandlianwala road opposite to Lyallpur gas power plant.,good
10 marla house for sale near park and main boulevard.,good
A perfect blend of Luxury and serenity providing golden opportunity for investors 5 marla 10 marla plots,good
1 kanal top height view triple story house for sale on the ideal location bani gala near to imran khan chowk,good
"Beautiful 3-bedroom, 3-bathroom Portion for sale in Gulistan-e-Jauhar",good
"240 Sqyd Upper Portion is available for Sale Block 1, Gulistan-e-jauhar, Karachi.",good
"Highly Maintained 240 Sqyd Upper Portion is available for Sale Block 1, Gulistan-e-jauha karachi.",good
1 Knal Single Story VIP House For Sale 4 Beds Tv DD Store Hot Location In Sabzazar Main Boulevard A Block,good
5000Projec Name Capital Square B17 multigardens Islamabad,good
"1 Kanal Residential Plot Available for Sale - Plot # G-7, St # 2, DHA Phase 5. Islamabad",good
"1 Kanal Residential Plot Available for Sale - Plot # F1-13, Avenue, DHA Phase 5. Islamabad",good
"1 Kanal Residential Plot Available for Sale - Plot # F1-0, St # 47, DHA Phase 5. Islamabad",good
"1 Kanal Residential Plot Available for Sale - Plot # F1-14, St # 13, DHA Phase 5. Islamabad",good
"1 Kanal Residential Plot Available for Sale - Plot # F1-4, St # 9, DHA Phase 5. Islamabad",good
"150 Sqyd Residential Plot For Sale in PIDC CHS, Scheme 33, Karachi.",good
"120 Sqyd Residential Plot For Sale in Telephone Employee CHS, Scheme 33, Karachi.",good
80 Sqyd Residential Plot For Sale in Telephone Employees Co-Operative Housing Society ,good
4Kanal80 Marla plot on Main Defence Road lahore,good
"5 marla residential plot for sale in johar town lahore",good
"10 marla residential plot for sale in johar town lahore
",good
5 marla house with 3 beds attech baths marble floring in block p johar town vip location near to park and markiet,good
5 marla lower portion 2 beds kichin separt gate facing park,good
3.5 marla 3 beds marble floring block M johar town,good
"vertical marvels houses spacious apartments or modern showrooms, seamlessly blending luxury woh bh opposit bismillah restaurant kababjees.
",average
"karachi ke Avari tower main modern studio apartment, shehar bhar manazir ke saath",average
"karachi ke busy business hub mein prime commercial plaza, zyada customers aur visibility.",average
3 BEDS FLATS   offering a convenient address opposite Bismillah Restaurant ,average
"2 BEDS FLATS  Kababjees and Haveli Restaurants, as well as Changan Karachi Motors.",average
2 BEDS HOUSES  residents will have access to all the services being offered at Zefra Club.,average
STUDIO HOUSES residential sanctuary nestled in the marvellous landscape of Murree,average
"SHOPS MAIN PRIME FLOOR KIOSK  located in DHA Phase-II, Sector J, Islamabad.",average
"Charming 2-bedroom home with a modern kitchen, cozy living room, and private garden. ",average
Sunny 3-bedroom house with spacious interiors and a well-equipped kitchen,average
Cozy 1-bedroom apartment featuring a bright living area and a compact kitchen,average
Modern 2-bedroom condo with stylish interiors and a balcony offering city views,average
Spacious 1-bedroom flat offering simplicity and comfort.,average
Family-friendly 3-bedroom house with a large kitchen and a welcoming ambiance. The backyard is perfect for gatherings. Conveniently close to schools and recreational areas.,average
"Modern 2-bedroom apartment with bright interiors and contemporary amenities. Located in a prime area, it provides easy access to shopping, dining, and public transport.",average
"Charming 2-bedroom house with vintage details and a cozy living room. Ideal for families, it offers a peaceful atmosphere near schools and parks.",average
"Cosy 1-bedroom apartment with a comfortable living space and a well-equipped kitchen. Suitable for professionals, it's secure and conveniently close to public transport.",average
"Bright 3-bedroom house with spacious rooms and a private garden. Ideal for families, it's located in a friendly neighborhood near schools and parks.",average
"Modern 2-bedroom condo with sleek interiors and a balcony offering urban views. Close to entertainment and dining venues, it provides convenience and style.",average
"Quaint 2-bedroom cottage with a private garden, vintage charm, and a serene atmosphere. Suitable for couples, it's nestled near nature trails and parks.",average
"Compact 1-bedroom flat with a cozy living area and a well-equipped kitchen. Perfect for singles, it's secure and conveniently close to public transport.",average
Family-friendly 3-bedroom house with a spacious kitchen and a welcoming ambiance. The backyard is perfect for gatherings. Conveniently close to schools and recreational areas.,average
**Modern 2-bedroom condo with sleek interiors and a balcony offering urban views,average
5 marla with 3 beds double units vip location,average
100 ft road facing house with two running shops,average
"60 Sqyd Double Story House for Sale in Baldia Town, Karachi. Good Location",average
"125 Sqyd Single Unit House for Sale in Baldia Town, Karachi. Good Location",average
"120 Sqyd Commercial Plot for Sale in Waleed City, Phase II,",average
360 Sqyd Commercial Building for Sale in Baldia Town Karachi,average
"120 Sqyd Commercial Plot for Sale in Waleed City, Phase II, Baldia Town,",average
125 Sqyd Single Unit House for Sale in Baldia Town,average
100 Sqyd Residential Plot For Sale in Suleman CHS,average
80 Sqyd Residential Plot For Sale,average
"120 Sqyd Residential Plot for Sale in Suleman CHS, Scheme 33 Karachi West open residential plot of 120 sqyd is available for sale in Suleman CHS, Scheme 33 Karachi",average
"80 Sqyd Residential Plot For Sale in Suleman CHS, Scheme 33, Karachi. General Plot Good Location",average
100 Sqyd Residential Plot,average
"Cooperative Housing Society is located in Sector 20-A, KDA Scheme 33 Karach",average
"Society has located approximately 2.5 km from Super Highway, 6.2 Km from Abul Hasan Isphahan and 5.9 km from Safoora Chowrangi.",average
"20 square yard residential plot in Garden City, Block A,",average
120 square yard residential plot that offers endless possibilities for building your dream home,average
"400 square yard plot, offering ample space for your architectural dreams to come to life.",average
"400 square yard residential plot in the sought-after Gulshan-e-Maymar, Sector T.",average
"This 400 square yard residential plot in Gulshan-e-Maymar, Sector T,",average
"Gulshan-e-Maymar, Sector U. Close proximity to local amenities, schools, parks, and major roadways.",average
"240 square yard residential plot in the sought-after community of Gulshan-e-Maymar, Sector U. T",average
"120 square yard residential plot, located in the prestigious Garden City, Block G.",average
"Gulshan-e-Maymar's Sector Q-3 is known for its meticulously planned infrastructure, including well-maintained roads, street lighting",average
residential plot in Al Qaim City represents a valuable investment opportunity or a chance to create a comfortable residence,average
80 square yard plot offers a prime location for your residential aspirations.,average
60 feet road west open residential plot available kmc lease prime location plot no 55,average
surjani town sector 11 Plot for sale near by sunshine prime residency & falaknaz,average
60 feet road west open residential plot available prime location plot no 27,average
surjani town sector 15 Plot for sale Near Al GHafoor Hill,average
"200 Sqyd Residential Plot for Sale in Sector # 24, MDA Scheme 1, Karachi",average
"200 Sqyd residential plot on prime location is available for sale in MDA Scheme 1, Karachi.",average
shahrah e Qaddqfi West open residential plot available prime location Kmc lease plot no 69,average
"Surti Muslim Society, Pir Gul Hasan Town, Amna Cooperative Housing Society and many more. Inside the society, there are many commercials to facilitate citizens of the society",average
This residential plot offers a fantastic opportunity to realize your vision of the perfect home,average
"Nestled in the heart of Garden City, Block B,",average
"240 square yards of space, this plot provides ample room to design and construct the home you've always imagined",average
". Karim Bhai CHS is situated Sector 6-A, Scheme 33.",average
Cooperative Housing Society is featured with the highest security on a private ,average
shahrah e Qaddqfi West open residential plot available prime location Kmc lease plot no 40,average
Plot for sale in Naya Nazimabad Block D. West open Extra land K. E paid Prime location,average
Naya Nazimabad Block D. Transfer file 40 ft wide road Best for investment Ideal location,average
120 Sqyd Residential Plot For Sale in Al-Mehran Cooperative Housing Society.,average
Plot for sale in North Town Residency Titanium Block.,average
"80 Sqyd Residential Plot For Sale in Kaghan Co-operative Housing Society Scheme 33, Karachi. ",average
 Kaghan Co-operative Housing Society 200 feet road facing society.,average
"120 Sqyd Residential Plot For Sale in On the main Gulzar Khan Road,",average
80 Sqyd East Open Transfer 40 Feet Road Very Near Main Gate Boundary Wall luxuary Society,average
80 yd2 Safoora Chorangi Dow Medical 5 mint Drive Super Highway 10 mint Drive Lyari Express Way,average
Housing Society Sectar 48a Scheme 33 80 Sqyd East Open Transfer 40 Feet Road Very Near Main Gate Boundary,average
240 Yd² Residential Plot For Sale In Gulshan-E-Maymar Sector comfortable and secure lifestyle.,average
Sectar 48a Scheme 33 80 Sqyd East Open Transfer 40 Feet Road Very Near Main Gate Boundary Wall luxuary Society,average
"The sector boasts excellent infrastructure, including paved roads, street lighting, and a secure environment.",average
"80 Sqyd Residential Plot For Sale in Cornish CHS, Scheme 33, Karachi",average
"240 Sqyd Residential Plot For Sale in Telephone CHS, Scheme 33, Karach",average
"240 Sqyd Residential Plot For Sale in ICI Staff CHS, Scheme 33, Karachi. ICI Staff Safety is a top priority, so security staff will be available on the premise",average
"120 Yd² Residential Plo dream home or make a wise investment, this plot offers an outstanding opportunity",average
"240 Sqyd Residential Plot For Sale, Karachi",average
"Residential Plot For Sale in Arisha CHS, Scheme 33, Karachi Arisha Society",average
This society is located near to New Karachi-University Road Link Road,average
"Plot in 80, 125, 150, 200, 300, 500,1000, square yards Main M9 Motorway",average
"strategically located in Sector S, one of the most sought-after areas in Gulshan-e-Mayma",average
"This plot is prepped for your dream home, saving you valuable time and effort.",average
"1 Kanal Residential Plot for Sale - Plot # H-2, Central Boulevard. 9 Marla Extra Land, Back open Islamabad",average
"1 Kanal Residential Plot for Sale - Plot # F-21, Street # 17. DHA Phase 2, Islamabad.",average
"1 Kanal Residential Plot for Sale - Plot # E-07 S.S Boulevard. DHA Phase 2, Islamabad.",average
"Plot # H-2, Central Boulevard. 9 Marla Extra Land,",average
"120 Yd² House For Sale In Gulshan-E-Maymar Sector Q-3, Karachi",average
"1 Kanal Residential Plot For Sale In DHA Phase 2, Islamabad",average
"240 Yd² Residential Plot For Sale In Gulshan-E-Maymar Sector Q-3, Karachi",average
"1 Kanal Residential Plot for Sale - Plot # E-15, Lane # 10. DHA Phase 2, Islamabad.",average
"1 Kanal Residential Plot for Sale - Plot # H-2, Central Boulevard.",average
"Opposite Model Town’s Entrance, adjacent to Ferozepur Road",bad
Grand Lobby,bad
Mini Cinema,bad
6.25% offered by Lahore’s real estate,bad
4 BEDS FLATS (4 BED APARTMENT),bad
"Cramped 1-bed flat, ",bad
"""Dilapidated 2-bed, ",bad
"""Tiny studio, damp walls, no ventilation, noisy neighbors, minimal storage.""",bad
"""Shabby 3-bed, poor insulation, ",bad
"""Smelly 1-bed flat, pests, ",bad
"""Neglected 2-bed flat, ",bad
"""Run-down 3-bed, peeling paint, ",bad
"""Cramped studio, pests, weak security,",bad
"""Decrepit 1-bed flat, rusty pipes, ",bad
"""Uninviting 2-bed, pests, dampness, ",bad
"""Gloomy 3-bed, creaky floors, stained carpets, ",bad
"""Unpleasant studio, poor ventilation, distant amenities, ",bad
"""Worn-out 1-bed flat, broken appliances, ",bad
"""Cramped 2-bed, noisy street, limited sunlight,",bad
"""Neglected 3-bed, peeling wallpaper,",bad
"""Musty studio, malfunctioning appliances, ",bad
"""Smelly 1-bed flat, unreliable heating, tiny kitchen, ",bad
"""Shabby 2-bed flat, faulty plumbing, limited sunlight,",bad
"""Outdated 3-bed, noisy neighbors, poor insulation, ",bad
"""Cramped studio, outdated appliances, noisy street, ",bad
"""Dirty 1-bed flat, no parking, frequent power cuts, distant amenities.""",bad
"""Dilapidated 2-bed, faulty wiring, cramped rooms, ",bad
"""Neglected 3-bed, outdated appliances, noisy surroundings, ",bad
"""Run-down studio, broken windows, weak security, cramped space, no charm.""",bad
"""Unpleasant 1-bed flat, no ventilation, distant amenities",bad
"""Shabby 2-bed flat, noisy surroundings, weak security, ",bad
"""Grimy 3-bed, faulty wiring, limited sunlight, distant amenities, no charm.""",bad
"""Cramped studio, dampness, unreliable heating, ",bad
"""Musty 1-bed flat, frequent power outages, ",bad
"""Outdated 2-bed, rusty pipes, unreliable heating, distant amenities, poor security.""",bad
"""Neglected 3-bed, cramped rooms, noisy neighbors,",bad
"""Worn-out studio, poor insulation, frequent disturbances, no natural light.""",bad
"""Dirty 1-bed flat, weak water pressure, unreliable heating, distant amenities.""",bad
"""Cramped 2-bed, pests, no parking, outdated appliances, noisy neighbors.""",bad
"""Gloomy 3-bed, cramped space, damp walls, distant amenities, no charm.""",bad
"""Unpleasant studio, rusty pipes, unreliable heating, distant conveniences, no charm.""",bad
"""Smelly 1-bed flat, broken appliances, cramped space, unreliable utilities.""",bad
"""Shabby 2-bed flat, noisy neighbors, weak security, unreliable heating, distant amenities.""",bad
"""Dilapidated 3-bed, frequent disturbances, no privacy, cramped space, no charm.""",bad
"""Cramped studio, dampness, unreliable heating, noisy street, poor security.""",bad
"""Musty 1-bed flat, cramped space, unreliable heating, distant amenities, no charm.""",bad
"""Outdated 2-bed, noisy neighbors, cramped space, unreliable utilities, no charm.""",bad
"""Neglected 3-bed, faulty plumbing, no privacy, unreliable heating, distant amenities.""",bad
"""Run-down studio, frequent power outages, cramped space, unreliable utilities.""",bad
"""Dirty 1-bed flat, broken appliances, cramped space, unreliable utilities.""",bad
"""Shabby 2-bed, noisy neighbors, weak security, unreliable heating, distant amenities.""",bad
"""Dilapidated 2-bed, noisy neighbors, cramped space, unreliable utilities, no charm.""",bad
"""Run-down 3-bed, faulty plumbing, no privacy, unreliable heating, distant amenities.""",bad
"""Cramped studio, outdated appliances, noisy street, unreliable utilities, no charm.""",bad
"""Dirty studio, broken appliances, cramped space, unreliable utilities, no charm.""",bad
"""Shabby 1-bedroom, noisy neighbors, weak security, unreliable heating, distant amenities.""",bad
"""Gloomy 2-bedroom, cramped space, damp walls, distant amenities, no charm.""",bad
"""Uninviting studio, rusty pipes, unreliable heating, distant conveniences, no charm.""",bad
"""Dilapidated 2-bedroom, noisy neighbors, cramped space, unreliable utilities, no charm.""",bad
"""Run-down 3-bedroom, faulty plumbing, no privacy, unreliable heating, distant amenities.""",bad
"""Outdated 2-bedroom, noisy neighbors, cramped space, unreliable utilities, no charm.",bad
". 9 Marla Extra Land, Back open Islamabad",bad
"F-27, Street # 15. Islamabad",bad
Best location,bad
Residential Plot,bad
Peacefull environment,bad
5 marla single story house,bad
House For Sale In Khayaban E Amin,bad
5 marla apartment,bad
Square B17 multigardens Islamabad,bad
Buffer zone sector 15-A/5.,bad
B block,bad
1st floor On booking Commercial office of 971 ,bad
E 46 st 1,bad
F 43 rd 5,bad
DHA Phase 3 Islamabad,bad
J 14 st 6,bad
Added 1 hour ago,bad
"""Dated 1-bed flat, cramped space, noisy neighbors, limited amenities.""",bad
"""Smelly 2-bedroom, poor maintenance, high crime area, no natural light.""",bad
"""Tiny studio, faulty plumbing, no heating, distant public transport.""",bad
"""Dilapidated 3-bed, moldy walls, leaky roof, outdated fixtures, no parking.""",bad
"""Dirty 1-bedroom, pests, no ventilation, dark, far from essentials.""",bad
"""Neglected 2-bed flat, broken windows, noisy street, noisy neighbors.""",bad
"""Run-down 3-bedroom, bad odor, faulty wiring, no privacy, dampness.""",bad
"""Cramped studio, cockroaches, noisy surroundings, unreliable utilities, no security.""",bad
"""Decrepit 1-bed flat, frequent power outages, unstable foundation, limited storage.""",bad
"""Shabby 2-bedroom, weak water pressure, outdated appliances, poor insulation.""",bad
"""Gloomy 3-bedroom, frequent flooding, peeling paint, distant amenities, no charm.""",bad
"""Uninviting studio, broken AC, noisy neighbors, no greenery, poor safety.""",bad
"""Worn-out 1-bedroom, rusty pipes, grimy kitchen, no natural light.""",bad
"""Cramped 2-bed flat, erratic heating, damp walls, limited sunlight.""",bad
"""Neglected 3-bedroom, creaky floors, stained carpets, outdated fixtures, no charm.""",bad
"""Musty studio, malfunctioning appliances, weak security, noisy surroundings, dim lighting.""",bad
"""Smelly 1-bed flat, unreliable heating, tiny kitchen, distant conveniences.""",bad
"""Shabby 2-bedroom, broken door locks, frequent disturbances, no parking.""",bad
"""Outdated 3-bedroom, noisy neighbors, poor ventilation, no green space.""",bad
"""Cramped studio, pests, dampness, inadequate storage, noisy street.""",bad
"""Dilapidated 2-bedroom, faulty plumbing, cramped rooms, unreliable utilities.""",bad
"""Neglected 3-bedroom, outdated appliances, noisy surroundings, weak security.""",bad
"""Unpleasant 1-bed flat, no ventilation, distant amenities, noisy neighbors.""",bad
"""Shabby 2-bedroom, poor insulation, outdated fixtures, damp walls, no parking.""",bad
"""Grimy 3-bedroom, faulty wiring, limited sunlight, distant conveniences, no charm.""",bad
"""Musty 1-bed flat, frequent power outages, noisy surroundings, cramped space.""",bad
"""Outdated 2-bedroom, rusty pipes, unreliable heating, distant amenities, no charm.""",bad
"""Neglected 3-bedroom, cramped rooms, noisy neighbors, outdated fixtures, no charm.""",bad
"""Cramped 2-bedroom, pests, no parking, outdated appliances, noisy neighbors.""",bad
"""Gloomy 3-bedroom, cramped space, damp walls, distant amenities, no charm.""",bad
"""Shabby 2-bedroom, noisy neighbors, weak security, unreliable heating, distant amenities.""",bad
"""Dilapidated 3-bedroom, frequent disturbances, no privacy, cramped space, no charm.""",bad
"""Outdated 2-bedroom, noisy neighbors, cramped space, unreliable utilities, no charm.""",bad
"""Neglected 3-bedroom, faulty plumbing, no privacy, unreliable heating, distant amenities.""",bad
"""Dirty studio, broken appliances, cramped space, unreliable utilities, no charm",bad
