﻿Descriptions,Category
"A modern 5-bedroom house in Lahore's prime locality, perfect for a growing family seeking comfort and style.",Good
"Invest in success with this prime commercial space in Karachi's bustling business district, ideal for businesses seeking high visibility.",Good
"Experience opulence in this 1-kanal villa in DHA Islamabad, featuring 6 bedrooms, lush gardens, and top-notch security.",Good
"Affordable 2-bedroom apartment in Rawalpindi, ideal for couples or small families seeking convenience and access to local amenities.",Good
"Invest wisely with this residential plot in Multan's emerging society, offering potential for development and capital appreciation.",Good
"Modern studio apartment in Lahore's iconic tower, providing breathtaking views and access to a range of amenities.",Good
"Escape to nature with this serene farmhouse retreat in the hills of Murree, a peaceful getaway surrounded by scenic beauty.",Good
"Showcase your brand in this spacious commercial showroom on Lahore's fashionable Main Boulevard, perfect for retail and fashion businesses.",Good
"Build your dream home on this residential plot in Karachi's central location, offering easy access to schools, markets, and recreation.",Good
"Elevate your lifestyle with this luxurious penthouse in DHA Karachi, featuring 4 bedrooms, stunning sea views, and high-end amenities.",Good
"Begin your real estate journey with this budget-friendly plot in Multan's thriving housing scheme, a wise investment choice.",Good
"Experience city living in this studio apartment located in Lahore's vibrant neighborhood, ideal for young professionals and singles.",Good
"Unwind at this hilltop farmhouse in Nathiagali, surrounded by lush gardens and panoramic views, a nature lover's paradise.",Good
"Expand your business in this prime commercial plaza in Faisalabad's bustling business hub, offering high foot traffic and visibility.",Good
"Create memories in this inviting 4-bedroom family home in Sialkot, with a spacious yard for outdoor activities and gatherings.",Good
"Start or expand your retail business in this well-located shop in Gujranwala's main market, benefiting from a bustling shopping environment.",Good
"Escape to the mountains with this charming cabin in Kaghan Valley, perfect for a peaceful vacation amidst natural beauty.",Good
"Invest wisely in this plot located in Bahria Rawalpindi's growing community, capitalizing on potential appreciation and development.",Good
"Establish your business in this strategic commercial space located in Peshawar's bustling shopping district, ideal for retail ventures.",Good
"Live in grandeur with this spacious 7-bedroom villa in Lahore's elite enclave, offering modern amenities and luxurious living.",Good
Build your dream home on this ready-to-construct residential plot in Karachi's sought-after Gulberg area.,Good
"Indulge in luxury with this lavish apartment in Islamabad's diplomatic enclave, featuring high-end features and embassy accessibility.",Good
"Own a piece of history with this historic residence in Taxila, thoughtfully updated with modern conveniences.",Good
"Showcase your business in this bustling commercial space in Sargodha's vibrant marketplace, perfect for attracting customers.",Good
"Discover affordability with this 4-marla home in Karachi's Gulshan-e-Iqbal, suitable for small families and professionals.",Good
"Invest strategically with this plot in Bahria Lahore's thriving community, offering future growth and development opportunities.",Good
"Live in style with this luxury apartment in Lahore's prime Blue Area, providing modern comforts and city views.",Good
"Enjoy a charming farmhouse retreat in Chakwal's countryside, perfect for weekend getaways and relaxation.",Good
"Invest in your future with this residential plot in Lahore's DHA, providing an opportunity for long-term growth.",Good
"Find your dream home in this 3-bedroom house in Karachi's prestigious Clifton area, offering comfort and convenience.",Good
"Spacious commercial building in Islamabad's F-10 sector, providing versatile space for businesses aiming to make their mark.",Good
"Discover tranquility in this mountain cottage nestled in Abbottabad's serene hills, ideal for a peaceful retreat.",Good
"Cozy 2-bedroom apartment in Rawalpindi, catering to small families or professionals looking for convenience.",Good
"Secure your investment with this residential plot in Lahore's DHA Phase 6, offering future potential and a secure community.",Good
"Invest in your dream home with this 5-bedroom house in Multan, featuring modern amenities and a spacious backyard.",Good
"Prime commercial space on Karachi's main road, perfect for businesses seeking high visibility and customer traffic.",Good
"Luxury 1-kanal villa in Islamabad's upscale sector, offering 6 bedrooms, lush gardens, and an exclusive lifestyle.",Good
"Budget-friendly 3-bedroom apartment in Rawalpindi, designed for families seeking comfort and affordability.",Good
"Investor's paradise: residential plot in Lahore's DHA Phase 8, with potential for future growth and development.",Good
"Modern 2-bedroom flat in Faisalabad's prime location, perfect for young professionals or small families.",Good
"Commercial showroom on Lahore's renowned Mall Road, ideal for businesses seeking a prestigious location.",Good
"Experience nature at its best with this farmhouse retreat in Kasur, providing serenity and lush surroundings.",Good
"Investment plot in Bahria Rawalpindi's expanding community, offering potential for high returns and development.",Good
"Strategic commercial space in Gujrat's main market, catering to businesses looking for visibility and accessibility.",Good
"Spacious 6-bedroom villa in Karachi's DHA Phase 7, providing modern comforts and a secure environment.",Good
"Affordable 2-bedroom flat in Bahria Town Lahore, perfect for individuals or small families.",Good
"Invest wisely with this residential plot in Gwadar, a promising area with great potential.",Good
"Commercial space in Sialkot's bustling marketplace, offering an opportunity for businesses to thrive.",Good
"5-bedroom family home in Islamabad's F-8 sector, featuring a spacious lawn and modern interiors.",Good
"Investment plot in Lahore's Gulberg, offering a prime location with potential for future development.",Good
5 Marla Plot in Sector F-14 for Sale,Good
"This 5 marla plot is located in Sector F-14, Islamabad. It is a corner plot with a wide road on two sides. The plot is in a prime location, close to all major amenities. The sector is also well-developed, with wide roads, parks, and playgrounds.",Good
10 Marla House in Sector F-6 for Rent,Good
"This 10 marla house is located in Sector F-6, Islamabad. It is a double-story house with 5 bedrooms, 4 bathrooms, and a spacious living and dining room. The house also has a basement with a garage and a servant quarter. The sector is well-developed, with ",Good
2 Bedroom Apartment in Sector F-8 for Sale,Good
"This 2 bedroom apartment is located in Sector F-8, Islamabad. It is a 1200 square feet apartment with a spacious living and dining room, 2 bedrooms, 2 bathrooms, and a kitchen. The apartment also has a balcony with stunning views of the city. The sector i",Good
3 Bedroom Villa in Sector G-11 for Rent,Good
"This 3 bedroom villa is located in Sector G-11, Islamabad. It is a 2000 square feet villa with a spacious living and dining room, 3 bedrooms, 3 bathrooms, and a kitchen. The villa also has a garden and a terrace. The sector is well-developed, with wide ro",Good
4 Bedroom House in Sector E-11 for Sale,Good
"This 4 bedroom house is located in Sector E-11, Islamabad. It is a 2500 square feet house with a spacious living and dining room, 4 bedrooms, 4 bathrooms, and a kitchen. The house also has a garden and a terrace. The sector is well-developed, with wide ro",Good
5 Bedroom Apartment in Sector F-7 for Rent,Good
"This 5 bedroom apartment is located in Sector F-7, Islamabad. It is a 3000 square feet apartment with a spacious living and dining room, 5 bedrooms, 5 bathrooms, and a kitchen. The apartment also has a balcony with stunning views of the city. The sector i",Good
6 Bedroom Villa in Sector G-10 for Sale,Good
"This 6 bedroom villa is located in Sector G-10, Islamabad. It is a 3500 square feet villa with a spacious living and dining room, 6 bedrooms, 6 bathrooms, and a kitchen. The villa also has a garden and a swimming pool. The sector is well-developed, with w",Good
7 Bedroom House in Sector E-10 for Rent,Good
"This 7 bedroom house is located in Sector E-10, Islamabad. It is a 4000 square feet house with a spacious living and dining room, 7 bedrooms, 7 bathrooms, and a kitchen. The house also has a garden and a terrace. The sector is well-developed, with wide ro",Good
8 Bedroom Apartment in Sector F-6 for Sale,Good
"This 8 bedroom apartment is located in Sector F-6, Islamabad. It is a 4500 square feet apartment with a spacious living and dining room, 8 bedrooms, 8 bathrooms, and a kitchen. The apartment also has a balcony with stunning views of the city. The sector i",Good
9 Bedroom Villa in Sector G-9 for Rent,Good
"This 9 bedroom villa is located in Sector G-9, Islamabad. It is a 5000 square feet villa with a spacious living and dining room, 9 bedrooms, 9 bathrooms, and a kitchen. The villa also has a garden and a swimming pool. The sector is well-developed, with wi",Good
10 Bedroom House in Sector E-9 for Sale,Good
"This 10 bedroom house is located in Sector E-9, Islamabad. It is a 5500 square feet house with a spacious living and dining room, 10 bedrooms, 10 bathrooms, and a kitchen. The house also has a garden and a terrace. The sector is well-developed, with wide ",Good
"1 Kanal Plot in Sector F-7 for Sale This 1 kanal plot is located in Sector F-7, Islamabad. It is a corner plot with a wide road on two sides. The plot is in a prime location, close to all major amenities. The sector is also well-developed, with wide roads",Good
"2 Kanal House in Sector F-6 for Rent This 2 kanal house is located in Sector F-6, Islamabad. It is a double-story house with 6 bedrooms, 5 bathrooms, and a spacious living and dining room. The house also has a basement with a garage and a servant quarter.",Good
"3 Kanal Villa in Sector G-11 for Sale This 3 kanal villa is located in Sector G-11, Islamabad. It is a 3000 square feet villa with a spacious living and dining room, 5 bedrooms, 5 bathrooms, and a kitchen. The villa also has a garden and a swimming pool. ",Good
"4 Kanal House in Sector E-11 for Rent This 4 kanal house is located in Sector E-11, Islamabad. It is a 3500 square feet house with a spacious living and dining room, 6 bedrooms, 6 bathrooms, and a kitchen. The house also has a garden and a terrace. The se",Good
"5 Kanal Apartment in Sector F-7 for Sale This 5 kanal apartment is located in Sector F-7, Islamabad. It is a 4000 square feet apartment with a spacious living and dining room, 7 bedrooms, 7 bathrooms, and a kitchen. The apartment also has a balcony with s",Good
"6 Kanal Villa in Sector G-10 for Rent This 6 kanal villa is located in Sector G-10, Islamabad. It is a 4500 square feet villa with a spacious living and dining room, 8 bedrooms, 8 bathrooms, and a kitchen. The villa also has a garden and a swimming pool. ",Good
"7 Kanal House in Sector E-10 for Sale This 7 kanal house is located in Sector E-10, Islamabad. It is a 5000 square feet house with a spacious living and dining room, 9 bedrooms, 9 bathrooms, and a kitchen. The house also has a garden and a terrace. The se",Good
"8 Kanal Apartment in Sector F-6 for Rent This 8 kanal apartment is located in Sector F-6, Islamabad. It is a 5500 square feet apartment with a spacious living and dining room, 10 bedrooms, 10 bathrooms, and a kitchen. The apartment also has a balcony with",Good
"9 Kanal Villa in Sector G-9 for Sale This 9 kanal villa is located in Sector G-9, Islamabad. It is a 6000 square feet villa with a spacious living and dining room, 11 bedrooms, 11 bathrooms, and a kitchen. The villa also has a garden and a swimming pool. ",Good
"10 Kanal House in Sector E-9 for Rent This 10 kanal house is located in Sector E-9, Islamabad. It is a 6500 square feet house with a spacious living and dining room, 12 bedrooms, 12 bathrooms, and a kitchen. The house also has a garden and a terrace. The ",Good
"1 Kanal Plot in DHA Phase 6 for Sale This 1 kanal plot is located in DHA Phase 6, Karachi. It is a corner plot with a wide road on two sides.",Good
"10 Marla Commercial Plot in DHA Phase 6, Karachi for Sale",Good
"This 10 marla commercial plot is located in DHA Phase 6, Karachi. It is a corner plot with a wide road on two sides. The plot is in a prime location, close to all major amenities. The sector is also well-developed, with wide roads, parks, and playgrounds.",Good
"2 Kanal House in Gulshan-e-Iqbal Block 8, Karachi for Rent",Good
"This 2 kanal house is located in Gulshan-e-Iqbal Block 8, Karachi. It is a double-story house with 6 bedrooms, 5 bathrooms, and a spacious living and dining room. The house also has a basement with a garage and a servant quarter. The sector is well-develo",Good
"3 Bedroom Apartment in Defence Phase 4, Karachi for Sale",Good
"This 3 bedroom apartment is located in Defence Phase 4, Karachi. It is a 1200 square feet apartment with a spacious living and dining room, 3 bedrooms, 2 bathrooms, and a kitchen. The apartment also has a balcony with stunning views of the city. The secto",Good
"4 Bedroom Villa in PECHS Block 4, Karachi for Rent",Good
"This 4 bedroom villa is located in PECHS Block 4, Karachi. It is a 2000 square feet villa with a spacious living and dining room, 4 bedrooms, 3 bathrooms, and a kitchen. The villa also has a garden and a terrace. The sector is well-developed, with wide ro",Good
"5 Bedroom House in North Nazimabad Block K, Karachi for Sale",Good
"This 5 bedroom house is located in North Nazimabad Block K, Karachi. It is a 2500 square feet house with a spacious living and dining room, 5 bedrooms, 4 bathrooms, and a kitchen. The house also has a garden and a terrace. The sector is well-developed, wi",Good
"6 Bedroom Apartment in Korangi Creek View, Karachi for Rent",Good
"This 6 bedroom apartment is located in Korangi Creek View, Karachi. It is a 3000 square feet apartment with a spacious living and dining room, 6 bedrooms, 5 bathrooms, and a kitchen. The apartment also has a balcony with stunning views of the creek. The s",Good
"7 Bedroom Villa in Malir Cantt, Karachi for Sale",Good
"This 7 bedroom villa is located in Malir Cantt, Karachi. It is a 3500 square feet villa with a spacious living and dining room, 7 bedrooms, 6 bathrooms, and a kitchen. The villa also has a garden and a swimming pool. The sector is well-developed, with wid",Good
"1000 Sq Ft Office Space in Blue Area, Islamabad for Rent",Good
"This 1000 square feet office space is located in Blue Area, Islamabad. It is a fully furnished office space with a reception area, two meeting rooms, and several workstations. The office building is located in a prime location, close to all major amenitie",Good
"2000 Sq Ft Shop in DHA Phase 5, Karachi for Sale",Good
"This 2000 square feet shop is located in DHA Phase 5, Karachi. It is a commercial shop with a wide frontage on a busy road. The shop is in a prime location, close to all major amenities.",Good
3000 Sq Ft Warehouse in Multan for Rent,Good
"This 3000 square feet warehouse is located in Multan. It is a fully equipped warehouse with high ceilings, loading bays, and a security system. The warehouse is located in a prime industrial area, close to all major transportation routes.",Good
4000 Sq Ft Factory in Faisalabad for Sale,Good
"This 4000 square feet factory is located in Faisalabad. It is a fully equipped factory with all the necessary machinery and equipment. The factory is located in a prime industrial area, close to all major transportation routes.",Good
5000 Sq Ft Showroom in Lahore for Rent,Good
"This 5000 square feet showroom is located in Lahore. It is a fully furnished showroom with a reception area, display area, and storage area. The showroom is located in a prime commercial area, close to all major amenities.",Good
1 Kanal Farmhouse in Islamabad for Sale,Good
"This 1 kanal farmhouse is located in Islamabad. It is a double-story house with 6 bedrooms, 5 bathrooms, and a spacious living and dining room. The house also has a basement with a garage and a servant quarter. The farmhouse also has a garden, a swimming ",Good
"2 Marla Apartment in DHA Phase 6, Karachi for Rent",Good
"This 2 marla apartment is located in DHA Phase 6, Karachi. It is a 1200 square feet apartment with a spacious living and dining room, 2 bedrooms, 2 bathrooms, and a kitchen. The apartment also has a balcony with stunning views of the city.",Good
"3 Kanal Commercial Plot in Gulshan-e-Iqbal Block 8, Karachi for Sale",Good
"This 3 kanal commercial plot is located in Gulshan-e-Iqbal Block 8, Karachi. It is a corner plot with a wide road on two sides. The plot is in a prime location, close to all major amenities. The sector is also well-developed, with wide roads, parks, and p",Good
"4 Bedroom Villa in Defence Phase 4, Karachi for Rent",Good
"This 4 bedroom villa is located in Defence Phase 4, Karachi. It is a 2000 square feet villa with a spacious living and dining room, 4 bedrooms, 3 bathrooms, and a kitchen. The villa also has a garden and a terrace. The sector is well-developed, with wide ",Good
"5 Bedroom House in North Nazimabad Block K, Karachi for Sale",Good
"This 5 bedroom house is located in North Nazimabad Block K, Karachi. It is a 2500 square feet house with a spacious living and dining room, 5 bedrooms, 4 bathrooms, and a kitchen. The house also has a garden and a terrace. The sector is well-developed, wi",Good
"6 Bedroom Apartment in Korangi Creek View, Karachi for Rent",Good
"This 6 bedroom apartment is located in Korangi Creek View, Karachi. It is a 3000 square feet apartment with a spacious living and dining room, 6 bedrooms, 5 bathrooms, and a kitchen. The apartment also has a balcony with stunning views of the creek. The s",Good
"7 Bedroom Villa in Malir Cantt, Karachi for Sale",Good
"This 7 bedroom villa is located in Malir Cantt, Karachi. It is a 3500 square feet villa with a spacious living and dining room, 7 bedrooms, 6 bathrooms, and a kitchen. The villa also has a garden and a swimming pool. The sector is well-developed, with wid",Good
"1000 Sq Ft Office Space in Blue Area, Islamabad for Rent",Good
"This 1000 square feet office space is located in Blue Area, Islamabad. It is a fully furnished office space with a reception area, two meeting rooms, and several workstations. The office building is located in a prime location, close to all major amenitie",Good
"2000 Sq Ft Shop in DHA Phase 5, Karachi for Sale",Good
"This 2000 square feet shop is located in DHA Phase 5, Karachi. It is a commercial shop with a wide frontage on a busy road. The shop is in a prime location, close to all major amenities.",Good
3000 Sq Ft Warehouse in Multan for Rent,Good
"This 3000 square feet warehouse is located in Multan. It is a fully equipped warehouse with high ceilings, loading bays, and a security system. The warehouse is located in a prime industrial area, close to all major transportation routes.",Good
4000 Sq Ft Factory in Faisalabad for Sale,Good
"This 4000 square feet factory is located in Faisalabad. It is a fully equipped factory with all the necessary machinery and equipment. The factory is located in a prime industrial area, close to all major transportation routes.",Good
5000 Sq Ft Showroom in Lahore for Rent,Good
"This 5000 square feet showroom is located in Lahore. It is a fully furnished showroom with a reception area, display area, and storage area. The showroom is located in a prime commercial area, close to all major amenities.",Good
"Lahore ke behtareen ilaqe mein modern 5-bedroom ghar, ideal aaram aur style chahte hain.",Average
"Karachi ke busy business district mein prime commercial space, aala nazar aur zyada customers ki talash mein.",Average
"DHA Islamabad mein 1-kanal villa, 6 bedrooms, haryali aur behtareen security ke saath.",Average
"Rawalpindi mein saste daam par 2-bedroom apartment, ideal chhoti families ke liye.",Average
"Multan ke emerging society mein investment plot, future potential ke saath.",Average
"Lahore ke iconic tower mein modern studio apartment, sheher ki khoobsurat manazir ke saath.",Average
"Murree ke hills mein farmhouse retreat, shaanti bhari chutti ke liye perfect.",Average
"Lahore ke fashion Main Boulevard par commercial showroom, retail aur fashion businesses ke liye behtareen.",Average
"Karachi ke darmiyan ilaqe mein residential plot, schools, markets, aur tafreeh se aasani se haasil.",Average
"DHA Karachi mein luxurious penthouse, 4 bedrooms, samundar ki manzilen aur aala sahulatien.",Average
"Multan ke thriving housing scheme mein budget-friendly plot, smart investment choice.",Average
"Lahore ke vibrant mahaul mein studio apartment, young professionals aur singles ke liye perfect.",Average
"Nathiagali ke pahaadon mein hilltop farmhouse, haryali, haseen manazir aur shaanti bhari chutti.",Average
"Faisalabad ke busy business hub mein prime commercial plaza, zyada customers aur visibility.",Average
"Sialkot mein business shop, Gujranwala ke main market mein, vibrant shopping environment.",Average
"Kaghan Valley mein charming cabin, peaceful vacation ke liye ideal.",Average
"Bahria Rawalpindi mein growing community mein investment plot, future appreciation aur development opportunities.",Average
"Peshawar ke bustling shopping district mein commercial space, retail ventures ke liye perfect.",Average
"Lahore ke elite enclave mein spacious 7-bedroom villa, modern amenities aur luxurious living.",Average
"Karachi ke Gulberg area mein ready-to-construct residential plot, dream home banane ke liye.",Average
"Islamabad ke diplomatic enclave mein lavish apartment, embassy ki asani se pohnch aur modern suvidhaon ke saath.",Average
"Taxila mein historic residence, modern suvidhaon ke saath.",Average
"Sargodha ke bustling marketplace mein commercial space, customers ko attract karne ke liye perfect.",Average
"Gulshan-e-Iqbal, Karachi mein affordably 4-marla ghar, small families aur professionals ke liye suitable.",Average
"Bahria Lahore ki thriving community mein strategic plot, future growth aur development opportunities.",Average
"Lahore ke prime Blue Area mein luxury apartment, modern comforts aur sheher ki manazir.",Average
"Kasur ke countryside mein serene farmhouse retreat, weekend getaways aur relaxation ke liye perfect.",Average
"Lahore ke behtareen DHA Phase 6 mein investment plot, secure community aur future potential.",Average
"Multan ke 5-bedroom ghar mein modern comforts aur spacious yard, family time ke liye.",Average
"Karachi ke main road par prime commercial space, zyada customers aur visibility.",Average
"Islamabad ke F-10 sector mein spacious commercial building, versatile space for businesses.",Average
"Abbottabad ke hills mein mountain cottage, peaceful retreat ke liye.",Average
"A 3-bedroom apartment in Karachi's Gulshan-e-Iqbal. Well-maintained, with basic amenities and proximity to local markets.",Average
"5 Marla house in Bahria Town, Rawalpindi. Adequate space, suitable for a small family. Close to schools and parks.",Good
10 Marla plot in Lahore's Wapda Town. Decent location for future investment.,Good
House,Good
fwfreffg,Bad
adae,Bad
Rent 5000,Bad
Discount,Bad
jefifewnf ,Bad
Details,Bad
jefifewnf,Bad
Details,Bad
1 rmzan ghot men rood . shref Majid k qareb,Bad
Few Plots are available on easy payment plan,Bad
Z5 Non.posession,Bad
ff,Bad
hahhahhahhhshba,Bad
2 shop,Bad
faga,Bad
test inventory,Bad
ghhg,Bad
zamar wallay aik hobsort location pe ha or kam bught wale afrad rabta kre,Bad
all,Bad
bwc,Bad
nill,Bad
test,Bad
asdfghjkl,Bad
kamaal ka plot,Bad
hdnsjjsndjndnzjannansnsnndndbdbbdbdbbsbdbs bdbd,Bad
gah,Bad
wide area,Bad
sdfasdfsadf sadfsdaf,Bad
Faraz 0333-3232623,Bad
nnjhgc hhuhhvv hhgcc,Bad
fold,Bad
hi,Bad
Checking app,Bad
Faisal tea tower sai leya,Bad
nazim Bhai k flat hy,Bad
2 me know,Bad
xxd,Bad
yyg,Bad
Hup,Bad
hshsh,Bad
hsbwjsb,Bad
avfc,Bad
Amjad 03008268477,Bad
d,Bad
hjjj,Bad
best scheme,Bad
direct to me,Bad
yey3hehebehebbehdhdvseh,Bad
Boht acha plot,Bad
hshhs,Bad
cornor,Bad
munaf bhai,Bad
Rauf 03002115124,Bad
Farooq Bhai Al Basit,Bad
Imran 03008219922,Bad
Masroor Munim,Bad
Osama Center Point,Bad
dhdjd bdjdjd,Bad
Mr Khalid From Muscat,Bad
state city c,Bad
wbc,Bad
Shezad B61,Bad
check uploaded picture,Bad
ok,Bad
kanahahaaj,Bad
sdafa,Bad
devops,Bad
dr saif House,Bad
hhzxjznznz,Bad
bnm,Bad
test project,Bad
sdfsa,Bad
gg,Bad
test description,Bad
test,Bad
hi. how are you?,Bad
asfgh,Bad
hxhdyd,Bad
a,Bad
heelld,Bad
u3u2u3,Bad
testing,Bad
desc,Bad
ewewe,Bad
wdwe,Bad
dfjjfj,Bad
xd,Bad
good plot,Bad
buy Malik iftikhar,Bad
as above mention in picture,Bad
kzkzkt,Bad
gggh,Bad
ghjhhhgg,Bad
bla bla bla,Bad
fay,Bad
bran new,Bad
hsbhshahahahhaa,Bad
habdbdhsha,Bad
hyr,Bad
try,Bad
ghu is the only person,Bad
VGgag,Bad
g,Bad
ggwgwg,Bad
gv b fdbdg,Bad
"A 2-bedroom apartment in Lahore's Liberty Market, with stunning views of the city skyline.",Average
"A 4-bedroom villa in Karachi's Defense Housing Authority, with a private swimming pool and gym.",Average
"A 5-bedroom farmhouse in Murree, with stunning views of the mountains.",Average
"A 6-bedroom bungalow in Islamabad, with a large garden and a swimming pool.",Average
"A 7-bedroom estate in Peshawar, with a private airstrip and a helipad.",Average
"Lahore mein Liberty Market mein 2-bedroom apartment, sheher ki skyline ki khubsurat manazir ke saath.",Average
"Karachi mein DHA mein 4-bedroom villa, apne swimming pool aur gym ke saath.",Average
"Murree mein 5-bedroom farmhouse, pahadon ki khoobsurat manazir ke saath.",Average
"Islamabad mein 6-bedroom bungalow, ek bade garden aur swimming pool ke saath.",Average
"Peshawar mein 7-bedroom estate, apne private airstrip aur helipad ke saath.",Average
"A 1-bedroom apartment in Lahore's Old City, with a rich history and a vibrant culture.",Average
"A 2-bedroom houseboat in Karachi's Clifton, with stunning views of the Arabian Sea.",Average
"A 3-bedroom cottage in Hunza, surrounded by the beauty of the Karakoram Mountains.",Average
"A 4-bedroom treehouse in Margalla Hills, with a private deck and a hammock.",Average
"A 5-bedroom yurt in the Thar Desert, with a traditional desert experience.",Average
"Lahore ke Old City mein 1-bedroom apartment, ek ghanton ke itihaas aur ek vibrant culture ke saath.",Average
"Karachi ke Clifton mein 2-bedroom houseboat, Arabian Sea ki khoobsurat manazir ke saath.",Average
"Hunza mein 3-bedroom cottage, Karakoram pahadon ki khubsurat manazir se aatank.",Average
"Margalla Hills mein 4-bedroom treehouse, apne private deck aur hammock ke saath.",Average
"Thar Desert mein 5-bedroom yurt, ek traditional desert experience ke saath.",Average
"Lahore ke Anarkali Bazaar mein 1-bedroom apartment, all the action ke liye front-row seat ke saath.",Average
"Karachi ke backwaters mein 2-bedroom houseboat, sheher par ek unique perspective ke saath.",Average
"Hunza ke Karimabad village mein 3-bedroom cottage, traditional apricot orchards se aatank.",Average
"Margalla Hills mein 4-bedroom treehouse, Faisal Mosque ki nazar ke saath.",Average
"Thar Desert mein 5-bedroom yurt, nomadic lifestyle ko experience karne ka mauqa.",Average
"A 1-bedroom apartment in Lahore's Anarkali Bazaar, with a front-row seat to all the action.",Average
"A 2-bedroom houseboat in Karachi's backwaters, with a unique perspective on the city.",Average
"A 3-bedroom cottage in Hunza's Karimabad village, surrounded by traditional apricot orchards.",Average
"A 4-bedroom treehouse in Margalla Hills, with a view of the Faisal Mosque.",Average
"A 5-bedroom yurt in the Thar Desert, with a chance to experience the nomadic lifestyle.",Average
"Lahore ke Shahi Mohalla mein cozy 1-bedroom apartment, single person ya couple ke liye perfect.",Average
"Karachi ke DHA Phase 8 mein spacious 2-bedroom bungalow, apne private garden aur swimming pool ke saath.",Average
"Murree mein 3-bedroom farmhouse, Himalayan pahadon ki khoobsurat manazir ke saath.",Average
"Islamabad ke Diplomatic Enclave mein 4-bedroom villa, state-of-the-art security aur amenities ke saath.",Average
"Karachi ke Clifton mein 5-bedroom penthouse, Arabian Sea ki breathtaking views ke saath.",Average
"A cozy 1-bedroom apartment in Lahore's Shahi Mohalla, perfect for a single person or a couple.",Average
"A spacious 2-bedroom bungalow in Karachi's DHA Phase 8, with a private garden and a swimming pool.",Average
"A 3-bedroom farmhouse in Murree, with stunning views of the Himalayan Mountains.",Average
"A 4-bedroom villa in Islamabad's Diplomatic Enclave, with state-of-the-art security and amenities.",Average
"A 5-bedroom penthouse in Karachi's Clifton, with breathtaking views of the Arabian Sea.",Average
