﻿title,description,photos,Grade
good,good,good,A
good,good,average,B
good,good,bad,B
good,average,good,A
good,average,average,B
good,average,bad,C
good,bad,good,B
good,bad,average,C
good,bad,bad,F
average,good,good,B
average,good,average,C
average,good,bad,F
average,average,good,B
average,average,average,B
average,average,bad,C
average,bad,good,B
average,bad,average,B
average,bad,bad,F
bad,good,good,C
bad,good,average,C
bad,good,bad,F
bad,average,good,B
bad,average,average,C
bad,average,bad,F
bad,bad,good,C
bad,bad,average,C
bad,bad,bad,F
