Titles,Category
Luxurious 3-Bedroom Villa with Stunning Views,good
Modern Urban Living: 2-Bedroom Apartment in Prime Location,good
Elegant Family Home: Spacious 4-Bedroom House with Garden,good
Contemporary Loft Apartment: Ideal for Young Professionals,good
Charming Cottage in a Peaceful Neighborhood,good
Stylish Townhouse with High-End Finishes,good
Cozy 1-Bedroom Condo with City Skyline Views,good
Affordable Starter Home: 2-Bedroom House with Modern Kitchen,good
Tranquil Retreat: 5-Bedroom Home with Private Pool,good
Sunny Corner Unit: 3-Bedroom Apartment with Balcony,good
Secluded Ranch Style House with Expansive Yard,good
Picturesque Waterfront Property: 4-Bedroom House with Dock,good
Contemporary Duplex: 3-Bedroom Home with Open Floor Plan,good
Historic Charm Meets Modern Living: Restored Victorian Home,good
Luxury Penthouse: 4-Bedroom Apartment with Panoramic Views,good
Quaint Countryside Cottage: 2-Bedroom Home with Fireplace,good
Investment Opportunity: Multi-Unit Apartment Building,good
Spacious Family Retreat: 6-Bedroom House with Home Theater,good
Contemporary Studio Apartment with Integrated Kitchen,good
Modern Duplex: 4-Bedroom Home with Private Garage,good
Prime Commercial Space: Ideal for Retail or Office,good
Cozy Cabin: 1-Bedroom Retreat in the Woods,good
Mediterranean Style Villa: 5-Bedroom Home with Courtyard,good
Affordable Townhome: 2-Bedroom Property with Patio,good
Modern City Living: 1-Bedroom Apartment with Fitness Center Access,good
Renovated Farmhouse: 3-Bedroom Home on Acres of Land,good
Stylish Condo: 2-Bedroom Unit with Access to Rooftop Garden,good
Waterfront Living: 4-Bedroom House with Private Beach,good
Quaint Bungalow: 2-Bedroom Home with Vintage Charm,good
Executive Suite: Furnished 1-Bedroom Apartment with Concierge Service,good
Family-Friendly Home: 4-Bedroom House with Playground,good
Cozy Retreat: 1-Bedroom Cottage with Scenic Views,good
Modern Duplex: 3-Bedroom Home with High Ceilings,good
Elegant Victorian House: 5-Bedroom Home with Wraparound Porch,good
Stylish Loft: 2-Bedroom Apartment with Exposed Brick Walls,good
Waterfront Oasis: 4-Bedroom Home with Infinity Pool,good
Sunny Corner Apartment: 3-Bedroom Unit with Floor-to-Ceiling Windows,good
Renovated Craftsman Home: 3-Bedroom House with Gourmet Kitchen,good
Charming Chalet: 2-Bedroom Property with Mountain Views,good
Contemporary Townhouse: 3-Bedroom Home with Rooftop Terrace,good
Picturesque Vineyard Property: 4-Bedroom House with Wine Cellar,good
Cozy Starter Home: 2-Bedroom House with Spacious Backyard,good
Modern Urban Living: 1-Bedroom Condo with Designer Finishes,good
Luxurious Penthouse: 5-Bedroom Apartment with Private Elevator,good
Quaint Cottage: 2-Bedroom Property with Garden Views,good
Waterfront Living: 3-Bedroom Home with Boat Dock,good
Rustic Retreat: 1-Bedroom Cabin with Wood-Burning Stove,good
Elegant Colonial House: 4-Bedroom Home with Grand Foyer,good
Contemporary Duplex: 2-Bedroom Property with Smart Home Features,good
Modern City Living: 3-Bedroom Apartment with Access to Pool and Gym,good
Cozy Cottage: 2-Bedroom Home with Detached Studio,good
Executive Suite: Furnished 2-Bedroom Apartment with Weekly Housekeeping,good
Secluded Mountain Retreat: 3-Bedroom Cabin with Hot Tub,good
Historic Landmark Property: Restored 6-Bedroom Home with Original Features,good
Urban Oasis: 2-Bedroom Condo with Private Terrace,good
Elegant Manor House: 7-Bedroom Home with Landscaped Gardens,good
Contemporary Townhome: 3-Bedroom Property with Modern Kitchen,good
Waterfront Paradise: 4-Bedroom Home with Private Beach Access,good
Cozy Log Cabin: 2-Bedroom Retreat with Fireplace,good
Modern Duplex: 3-Bedroom Property with Smart Home Automation,good
Executive Condo: Furnished 1-Bedroom Apartment with High-End Appliances,good
Secluded Forest Retreat: 2-Bedroom Cabin with Nature Views,good
Historic Colonial Home: 4-Bedroom Property with Period Details,good
Sunny Corner Unit: 2-Bedroom Apartment with Wraparound Balcony,good
Waterfront Estate: 5-Bedroom Home with Private Dock,good
Charming Tudor House: 3-Bedroom Property with Vintage Appeal,good
Urban Sanctuary: 1-Bedroom Condo with Rooftop Garden Access,good
Elegant Mansion: 8-Bedroom Home with Ballroom and Wine Cellar,good
Contemporary Townhouse: 4-Bedroom Property with Home Theater,good
Quaint Farmhouse: 3-Bedroom Home with Barn and Pasture,good
Waterfront Living: 4-Bedroom House with Private Boat Slip,good
Cozy Mountain Cabin: 2-Bedroom Retreat with Panoramic Views,good
Modern Duplex: 4-Bedroom Property with Energy-Efficient Features,good
Historic Victorian Mansion: 6-Bedroom Home with Restored Details,good
Sunny Penthouse: 2-Bedroom Apartment with Private Terrace,good
Waterfront Retreat: 5-Bedroom Home with Pool and Spa,good
Quaint Artist's Studio: 1-Bedroom Property with Creative Space,good
Contemporary Townhome: 3-Bedroom Property with Rooftop Deck,good
Rustic Log Cabin: 2-Bedroom Retreat with Stone Fireplace,good
Modern Duplex: 3-Bedroom Property with Open-Concept Living,good
Executive Loft: Furnished 2-Bedroom Apartment with High Ceilings,good
Secluded Beachfront Villa: 4-Bedroom Home with Infinity Pool,good
Charming Stone Cottage: 2-Bedroom Property with Fireplace,good
Waterfront Paradise: 3-Bedroom Home with Private Beach Access,good
Cozy Mountain Retreat: 1-Bedroom Cabin with Scenic Views,good
Contemporary Duplex: 4-Bedroom Property with Smart Home Technology,good
Historic Colonial Mansion: 5-Bedroom Home with Original Architecture,good
Sunny Corner Apartment: 2-Bedroom Unit with Wraparound Windows,good
Waterfront Estate: 6-Bedroom Home with Private Pier,good
Quaint Cottage: 1-Bedroom Property with Garden Views,good
Modern City Living: 3-Bedroom Apartment with Access to Fitness Center,good
Cozy Log Cabin: 2-Bedroom Retreat with Wood-Burning Stove,good
Executive Suite: Furnished 1-Bedroom Apartment with Weekly Housekeeping,good
Luxury 5-Bedroom Estate with Panoramic Views,good
Modern City Living: 3-Bedroom Condo with Amenities,good
Secluded Mountain Retreat: 4-Bedroom Cabin,good
Charming Cottage with Garden Views,good
Waterfront Paradise: 6-Bedroom Villa with Private Dock,good
Contemporary Urban Loft: 2-Bedroom Penthouse,good
Elegant Colonial Home: 7-Bedroom Mansion,good
Cozy Beachfront Bungalow: 2-Bedroom House,good
Executive Suite: Furnished 1-Bedroom Apartment,good
Picturesque Vineyard Estate: 5-Bedroom House,good
Quaint Countryside Cottage: 3-Bedroom Home,good
Luxury Penthouse: 4-Bedroom Apartment with Terrace,good
Modern Townhome: 3-Bedroom Property with Garage,good
Historic Victorian Mansion: 8-Bedroom Home,good
Sunny Corner Condo: 2-Bedroom Unit with Balcony,good
Secluded Forest Cabin: 1-Bedroom Retreat,good
Waterfront Living: 4-Bedroom House with Pool,good
Contemporary Duplex: 3-Bedroom Property with Yard,good
Charming Farmhouse: 4-Bedroom Home with Barn,good
Elegant City Apartment: 1-Bedroom Unit with Views,good
Modern Ranch Style House: 3-Bedroom Home,good
Cozy Mountain Chalet: 2-Bedroom Cabin,good
Executive Loft: Furnished 2-Bedroom Apartment,good
Secluded Beach House: 5-Bedroom Home with Deck,good
Historic Colonial Estate: 6-Bedroom Mansion,good
Luxury Skyline Penthouse: 3-Bedroom Apartment,good
Quaint Riverside Cottage: 2-Bedroom Home,good
Sunny Corner Unit: 4-Bedroom Condo with Terrace,good
Waterfront Retreat: 5-Bedroom House with Pool,good
Modern Urban Living: 2-Bedroom Condo with Gym,good
Charming Log Cabin: 1-Bedroom Retreat with Fireplace,good
Executive City Suite: Furnished 1-Bedroom Apartment,good
Picturesque Mountain Chalet: 3-Bedroom Cabin,good
Cozy Lakeside Cottage: 2-Bedroom Home,good
Elegant City Penthouse: 4-Bedroom Apartment,good
Luxury Beachfront Villa: 5-Bedroom House with Spa,good
Secluded Forest Retreat: 6-Bedroom Cabin,good
Waterfront Mansion: 7-Bedroom Estate with Dock,good
Contemporary City Loft: 2-Bedroom Apartment,good
Charming Farmhouse: 3-Bedroom Home with Garden,good
Sunny Corner Condo: 4-Bedroom Unit with Balcony,good
Waterfront Oasis: 5-Bedroom House with Pool,good
Modern Urban Townhome: 3-Bedroom Property,good
Quaint Countryside Cottage: 2-Bedroom Home,good
Luxury Beach House: 4-Bedroom Home with Views,good
Secluded Mountain Cabin: 1-Bedroom Retreat,good
Historic Victorian Estate: 6-Bedroom Mansion,good
Cozy Riverside Cottage: 2-Bedroom Home,good
Sunny Corner Unit: 3-Bedroom Condo with Terrace,good
Waterfront Retreat: 4-Bedroom House with Pool,good
Modern Urban Condo: 2-Bedroom Apartment with Gym,good
Cozy 2-Bedroom Home in Quiet Neighborhood,average
"Affordable Starter Home: 3 Bedrooms, Great Location",average
"Charming Family House: 4 Bedrooms, Spacious Yard",average
"Modern Townhouse: 3 Beds, Close to Schools",average
"Sunny 2-Bedroom Apartment, Pet-Friendly",average
Convenient City Living: 1-Bedroom Condo,average
Renovated 3-Bedroom House: Move-in Ready,average
"Budget-Friendly Duplex: 2 Beds, Private Parking",average
"Quaint Cottage: 2 Bedrooms, Peaceful Surroundings",average
Lovely 3-Bedroom Home: Safe Neighborhood,average
Cozy 1-Bedroom Apartment: Close to Public Transport,average
Stylish 2-Bedroom Condo: Modern Amenities,average
Family-Friendly 4-Bedroom House: Close to Parks,average
"Spacious Townhome: 3 Beds, Community Pool",average
Affordable 2-Bedroom Apartment: Great Views,average
Comfortable 3-Bedroom Home: Walking Distance to Shops,average
Bright 1-Bedroom Flat: Ideal for Singles,average
Modern 2-Bedroom Condo: Fitness Center Access,average
Charming 3-Bedroom House: Private Backyard,average
Cozy 2-Bedroom Apartment: Secure Building,average
Affordable 1-Bedroom Flat: Convenient Location,average
"Family Home: 4 Beds, Safe and Quiet Area",average
Sunny 2-Bedroom Condo: Close to Entertainment,average
Spacious 3-Bedroom House: Close to Schools,average
Comfortable 1-Bedroom Apartment: Pet-Friendly,average
Modern 2-Bedroom Flat: Accessible to Public Transport,average
Cozy 3-Bedroom Home: Friendly Neighborhood,average
Affordable 2-Bedroom Condo: Great Investment,average
Sunny 1-Bedroom Apartment: Natural Light,average
Family-Friendly 4-Bedroom House: Safe Community,average
"Modern Townhome: 3 Beds, Gated Community",average
"Charming Cottage: 2 Bedrooms, Vintage Feel",average
Lovely 2-Bedroom Condo: Balcony with Views,average
Cozy 1-Bedroom Flat: Affordable Rent,average
Spacious 3-Bedroom Home: Great for Families,average
Comfortable 2-Bedroom Apartment: Quiet Building,average
Affordable 1-Bedroom Flat: Close to Amenities,average
"Family Home: 4 Beds, Large Yard",average
Modern 2-Bedroom Condo: Secure Living,average
"Quaint Cottage: 2 Bedrooms, Garden Space",average
Sunny 1-Bedroom Apartment: Central Location,average
Charming 3-Bedroom House: Great for Entertaining,average
Affordable 2-Bedroom Condo: Ideal for Couples,average
Cozy 1-Bedroom Flat: Close to Public Transport,average
Spacious 3-Bedroom Home: Quiet Neighborhood,average
Comfortable 2-Bedroom Apartment: Convenient Living,average
Family-Friendly 4-Bedroom House: Child-Friendly,average
"Modern Townhome: 3 Beds, Access to Parks",average
"Quaint Cottage: 2 Bedrooms, Ideal for Seniors",average
Sunny 1-Bedroom Apartment: Affordable Living,average
Charming 3-Bedroom House: Family-Oriented Area,average
Affordable 2-Bedroom Condo: Close to Shops,average
Cozy 1-Bedroom Flat: Safe Building,average
Spacious 3-Bedroom Home: Close to Schools,average
Comfortable 2-Bedroom Apartment: Quiet Community,average
"Family Home: 4 Beds, Large Kitchen",average
"Modern Townhome: 3 Beds, Pet-Friendly",average
"Quaint Cottage: 2 Bedrooms, Relaxing Atmosphere",average
Sunny 1-Bedroom Apartment: Accessible to Transport,average
Charming 3-Bedroom House: Beautiful Garden,average
Affordable 2-Bedroom Condo: Ideal for Investors,average
Cozy 1-Bedroom Flat: Great Views,average
Spacious 3-Bedroom Home: Friendly Neighbors,average
Comfortable 2-Bedroom Apartment: Close to Parks,average
Family-Friendly 4-Bedroom House: Spacious Living,average
"Modern Townhome: 3 Beds, Close to Nature",average
"Quaint Cottage: 2 Bedrooms, Perfect for Couples",average
Sunny 1-Bedroom Apartment: Bright Interiors,average
Charming 3-Bedroom House: Safe and Quiet Area,average
Affordable 2-Bedroom Condo: Great for Students,average
Cozy 1-Bedroom Flat: Quiet and Secure,average
Spacious 3-Bedroom Home: Accessible to Amenities,average
Comfortable 2-Bedroom Apartment: Gated Community,average
"Family Home: 4 Beds, Playful Backyard",average
"Modern Townhome: 3 Beds, Ideal for Families",average
"Quaint Cottage: 2 Bedrooms, Scenic Views",average
Sunny 1-Bedroom Apartment: Central Living,average
Charming 3-Bedroom House: Well-Maintained Garden,average
Affordable 2-Bedroom Condo: Close to Entertainment,average
Cozy 1-Bedroom Flat: Affordable and Accessible,average
Spacious 3-Bedroom Home: Great for Kids,average
Comfortable 2-Bedroom Apartment: Peaceful Living,average
Family-Friendly 4-Bedroom House: Nearby Schools,average
"Modern Townhome: 3 Beds, Community Park Access",average
"Quaint Cottage: 2 Bedrooms, Vintage Charm",average
Sunny 1-Bedroom Apartment: Quiet Neighborhood,average
Charming 3-Bedroom House: Lovely Backyard,average
Affordable 2-Bedroom Condo: Secure Environment,average
Cozy 1-Bedroom Flat: Close to Shops,average
Spacious 3-Bedroom Home: Safe and Relaxing,average
Comfortable 2-Bedroom Apartment: Great for Couples,average
"Family Home: 4 Beds, Friendly Community",average
"Modern Townhome: 3 Beds, Nearby Playgrounds",average
"Quaint Cottage: 2 Bedrooms, Cozy Atmosphere",average
Sunny 1-Bedroom Apartment: Affordable Rent,average
Charming 3-Bedroom House: Great for Pets,average
Affordable 2-Bedroom Condo: Close to Public Transport,average
Cozy 1-Bedroom Flat: Accessible Location,average
Spacious 3-Bedroom Home: Peaceful Surroundings,average
Comfortable 2-Bedroom Apartment: Ideal for Professionals,average
Cosy 2-Bedroom Home: Ideal for Small Families,average
Affordable 3-Bedroom House: Close to Schools,average
"Modern Apartment: 2 Beds, City Living",average
"Charming Family Home: 4 Bedrooms, Quiet Neighborhood",average
Sunny 2-Bedroom Flat: Accessible Location,average
"Convenient Condo: 1 Bed, Public Transport Nearby",average
"Quaint Cottage: 2 Bedrooms, Peaceful Atmosphere",average
Lovely 3-Bedroom Home: Safe Community,average
Compact 1-Bedroom Flat: Affordable Rent,average
Stylish 2-Bedroom Condo: Modern Living,average
Family-Friendly 4-Bedroom House: Parks Nearby,average
"Spacious Townhome: 3 Beds, Community Amenities",average
Comfortable 1-Bedroom Flat: Ideal for Singles,average
Charming 3-Bedroom House: Private Garden,average
Cozy 2-Bedroom Flat: Secure Building,average
Economical 1-Bedroom Apartment: Convenient Location,average
Sunny 2-Bedroom Condo: Entertainment Nearby,average
Comfortable 3-Bedroom House: Proximity to Schools,average
Compact 1-Bedroom Flat: Pet-Friendly,average
Modern 2-Bedroom Apartment: Close to Public Transport,average
Sunny 1-Bedroom Flat: Natural Light,average
"Quaint Cottage: 2 Bedrooms, Vintage Vibe",average
Economical 1-Bedroom Flat: Affordable Living,average
Spacious 3-Bedroom Home: Friendly Neighborhood,average
"Family Home: 4 Beds, Spacious Interiors",average
Sunny 1-Bedroom Flat: Central Location,average
"Quaint Cottage: 2 Bedrooms, Relaxing Environment",average
Sunny 1-Bedroom Flat: Bright Interiors,average
Charming 3-Bedroom House: Well-Maintained Yard,average
Sunny 1-Bedroom Flat: Central Living,average
Charming 3-Bedroom House: Lovely Garden,average
Sunny 1-Bedroom Flat: Bright and Airy,average
Dilapidated Dwelling: A Fixer-Upper Special,bad
Noisy Neighborhood Nightmare: Your Sleepless Nights Await,bad
Cramped Quarters: Experience Living in a Sardine Can,bad
Outdated Oasis: Embrace the Retro Lifestyle,bad
Moldy Marvel: A Haven for Mold Enthusiasts,bad
Pest Paradise: Home Sweet Home for Insects and Rodents,bad
Waterlogged Wonder: Indoor Pool Included (Due to Leaks),bad
Eerie Abode: Perfect for Horror Movie Enthusiasts,bad
Terrible Traffic Territory: Enjoy Endless Gridlock,bad
Dull and Dreary Domicile: Where Boredom Finds a Home,bad
Cluttered Chaos: A Hoarder’s Haven,bad
Minimalist’s Nightmare: No Storage Space Guaranteed,bad
Unsafe Sanctuary: Experience Living on the Edge,bad
Sinking Ship: Property Value Dropping Faster Than Titanic,bad
Overpriced Oven: Where Your Money Goes to Burn,bad
Unlucky Address: A Magnet for Misfortune,bad
Haunted House: Paranormal Activities Included,bad
Invasive Species Sanctuary: A Garden of Unwanted Plants,bad
Rustic Ruin: Where Rust is the Primary Decor,bad
Unstable Foundations: Experience the Joy of Uneven Floors,bad
Pothole Paradise: Your Car’s Suspension Will Thank You,bad
Floodplain Fantasy: Embrace the Natural Swimming Pool,bad
Rundown Residence: Where Dreams Come to Decay,bad
Neglected Nook: Perfect for Fans of Urban Exploration,bad
Leaky Legacy: Passing on the Drip-Drop Tradition,bad
Budget-Breaking Burden: Prepare for Financial Despair,bad
Decaying Dream: Where Hope Fades and Walls Crumble,bad
Insect Infested Investment: Bugs Included at No Extra Cost,bad
Stressful Surroundings: Your Daily Dose of Anxiety Awaits,bad
Reckless Renovation Required: DIY Disaster Beckons,bad
Deceptive Delight: Where Looks Are Highly Deceptive,bad
Eco-Unfriendly Estate: Ideal for Wasting Resources,bad
Cursed Castle: Experience Centuries-Old Hexes,bad
Hazardous Haven: Your Health Will Thank You for Leaving,bad
Deserted Dwelling: Where Loneliness Finds a Home,bad
Pricey Pit: Where Your Savings Disappear Without a Trace,bad
Apocalypse-Ready Abode: Your Zombie Survival Retreat,bad
Flimsy Fortress: Your Security Is Our Last Concern,bad
Neighborhood Nightmare: Guaranteed Regret Within Days,bad
Economy Effort: Where Quality Comes to Die,bad
Botched Build: Witness the Art of Poor Craftsmanship,bad
Tax Trouble Territory: Prepare for Never-Ending Audits,bad
Eroding Escape: Where Nature Reclaims Its Territory,bad
"Foul Odor Oasis: Aroma Therapy, Unwanted and Free",bad
Radiation Retreat: Your Gateway to Glowing in the Dark,bad
Misery Mansion: Where Happiness Goes to Die,bad
Uninspiring Investment: Say Goodbye to Inspiration Forever,bad
Pestilent Property: Where Insects Outnumber Humans,bad
Sinkhole Surprise: Unearth Nature’s Hidden Secrets,bad
Disastrous Dwelling: Where Life Plans Go to Collapse,bad
Weathered Wonder: Witness the Power of Neglect,bad
Sink-Inn: Where Your Furniture Disappears into the Floor,bad
Roach Resort: A 5-Star Destination for Unwanted Guests,bad
Fragile Fortress: Where Walls Have Ears and Eyes,bad
Disappointing Digs: Prepare for Perpetual Disappointment,bad
"Broken Dreams Bungalow: Abandon Hope, All Ye Who Enter Here",bad
Economy Erosion: Where Value Evaporates into Thin Air,bad
"Pestilent Paradise: Bugs, Rodents, and You – Together Forever",bad
Neglected Nest: Where Comfort Comes to Die,bad
Financial Fiasco: Kiss Your Savings Goodbye,bad
Damp Disaster: Mold Welcomes You with Open Arms,bad
Shaky Shack: Where Earthquakes Feel Like Roller Coasters,bad
Disastrous Domain: Where Nightmares Come to Life,bad
Subpar Shelter: Your Shelter from Satisfaction,bad
Crumbling Castle: Witness the Fall of Grandeur,bad
Budget Breaker: Where Your Wallet Cries Itself to Sleep,bad
Erosion Estate: Where Foundations Melt into the Ground,bad
Neglected Nook: A Treasure Trove of Neglect,bad
"Sinking Ship: Abandon Hope, All Who Enter Here",bad
Bankruptcy Bungalow: Where Financial Ruin Awaits,bad
Dreary Domicile: Prepare for a Lifetime of Discontent,bad
Dilapidated Dream: The Nightmare You Can’t Escape,bad
Foul Foundation: Where Stability Is a Myth,bad
Substandard Sanctuary: Where Comfort Takes a Back Seat,bad
Economy Enigma: Where Value Vanishes Like Smoke,bad
"Pest Problem Palace: Rodents, Insects, and You – Together Forever",bad
Disrepair Dungeon: The Abyss of Neglect,bad
