﻿Titles,Category
5 Marla Plot in Sector F-14 for Sale,Good
10 Marla House in Sector F-6 for Rent,Good
2 Bedroom Apartment in Sector F-8 for Sale,Good
3 Bedroom Villa in Sector G-11 for Rent,Good
4 Bedroom House in Sector E-11 for Sale,Good
5 Bedroom Apartment in Sector F-7 for Rent,Good
6 Bedroom Villa in Sector G-10 for Sale,Good
7 Bedroom House in Sector E-10 for Rent,Good
8 Bedroom Apartment in Sector F-6 for Sale,Good
9 Bedroom Villa in Sector G-9 for Rent,Good
10 Bedroom House in Sector E-9 for Sale,Good
5 Marla Plot in Sector F-13 for Sale,Good
10 Marla House in Sector F-5 for Rent,Good
2 Bedroom Apartment in Sector F-7 for Sale,Good
3 Bedroom Villa in Sector G-10 for Rent,Good
4 Bedroom House in Sector E-10 for Sale,Good
5 Bedroom Apartment in Sector F-6 for Rent,Good
6 Bedroom Villa in Sector G-9 for Sale,Good
7 Bedroom House in Sector E-9 for Rent,Good
8 Bedroom Apartment in Sector F-5 for Sale,Good
9 Bedroom Villa in Sector G-8 for Rent,Good
10 Bedroom House in Sector E-8 for Sale,Good
5 Marla Plot in Sector F-12 for Sale,Good
10 Marla House in Sector F-4 for Rent,Good
2 Bedroom Apartment in Sector F-6 for Sale,Good
3 Bedroom Villa in Sector G-9 for Rent,Good
4 Bedroom House in Sector E-9 for Sale,Good
5 Bedroom Apartment in Sector F-5 for Rent,Good
6 Bedroom Villa in Sector G-8 for Sale,Good
7 Bedroom House in Sector E-8 for Rent,Good
8 Bedroom Apartment in Sector F-4 for Sale,Good
9 Bedroom Villa in Sector G-7 for Rent,Good
10 Bedroom House in Sector E-7 for Sale,Good
5 Marla Plot in Sector F-11 for Sale,Good
10 Marla House in Sector F-3 for Rent,Good
2 Bedroom Apartment in Sector F-5 for Sale,Good
3 Bedroom Villa in Sector G-8 for Rent,Good
4 Bedroom House in Sector E-8 for Sale,Good
5 Bedroom Apartment in Sector F-4 for Rent,Good
6 Bedroom Villa in Sector G-7 for Sale,Good
7 Bedroom House in Sector E-7 for Rent,Good
8 Bedroom Apartment in Sector F-3 for Sale,Good
9 Bedroom Villa in Sector G-6 for Rent,Good
10 Bedroom House in Sector E-6 for Sale,Good
5 Marla Plot in Sector F-10 for Sale,Good
10 Marla House in Sector F-2 for Rent,Good
2 Bedroom Apartment in Sector F-4 for Sale,Good
3 Bedroom Villa in Sector G-7 for Rent,Good
4 Bedroom House in Sector E-7 for Sale,Good
5 Bedroom Apartment in Sector F-3 for Rent,Good
6 Bedroom Villa in Sector G-6 for Sale,Good
7 Bedroom House in Sector E-6 for Rent,Good
8 Bedroom Apartment in Sector F-2 for Sale,Good
9 Bedroom Villa in Sector G-5 for Rent,Good
10 Bedroom House in Sector E-5 for Sale,Good
120 Sq Yd Plot in DHA Phase 6 for Sale,Good
240 Sq Yd House in DHA Phase 5 for Rent,Good
3 Bedroom Apartment in Clifton for Sale,Good
4 Bedroom Villa in Bahria Town for Rent,Good
5 Bedroom House in Gulshan-e-Iqbal for Sale,Good
6 Bedroom Apartment in Defence for Rent,Good
7 Bedroom Villa in PECHS for Sale,Good
8 Bedroom House in North Nazimabad for Rent,Good
9 Bedroom Apartment in Korangi for Sale,Good
10 Bedroom Villa in Malir for Rent,Good
120 Sq Yd Plot in DHA Phase 5 for Sale,Good
240 Sq Yd House in DHA Phase 4 for Rent,Good
3 Bedroom Apartment in Clifton Block 2 for Sale,Good
4 Bedroom Villa in Bahria Town Karachi for Rent,Good
5 Bedroom House in Gulshan-e-Iqbal Block 10 for Sale,Good
6 Bedroom Apartment in Defence Phase 6 for Rent,Good
7 Bedroom Villa in PECHS Block 6 for Sale,Good
Exclusive 3-Bedroom House with Garden in Lahore's Elite Community,Good
Modern Apartment for Sale in the Heart of Karachi,Good
Luxury Villa with Pool and Mountain Views in Islamabad,Good
Budget-Friendly 2-Bedroom Flat in Rawalpindi,Good
Family Home with Spacious Yard in Faisalabad's Prime Area,Good
Investor's Paradise: Residential Plot in Multan,Good
"Brand New Studio Apartment in Bahria Town, Lahore",Good
Scenic Cottage for Rent in the Serene Hills of Murree,Good
Commercial Space for Your Business in Lahore's Business Hub,Good
Picturesque Farmhouse Retreat in Khanewal,Good
Prime Location Plot in DHA Karachi for Investment,Good
Stylish Townhouse in Sialkot's Trendy Neighborhood,Good
Investment Opportunity: Agricultural Land for Sale in Gujranwala,Good
Elegant 4-Bedroom House with Modern Amenities in Rawalpindi,Good
Executive Office Space in Islamabad's Financial District,Good
"Affordable Apartment in a Gated Community, Lahore",Good
Exclusive Golf Course View Villa in Bahria Rawalpindi,Good
"Lakefront Property with Stunning Views in Bhurban, Murree",Good
Commercial Plaza in the Heart of Faisalabad,Good
Ready-to-Build Residential Plot in Multan's Growing Community,Good
Cozy 5-Marla House in Karachi's Family-Friendly Neighborhood,Good
Penthouse Living in the Heart of Islamabad,Good
Breathtaking Farmhouse Land in Attock,Good
Investment Opportunity: 1 Kanal Plot in DHA Lahore,Good
Historical Home with Modern Updates in Taxila,Good
Prime Commercial Space in Sargodha's Main Market,Good
Dream Home: 6-Bedroom Villa in Sheikhupura's Elite Enclave,Good
Retail Space Available in Peshawar's Shopping District,Good
Mountain View Cottage Retreat in Abbottabad,Good
Waterfront Property with Investment Potential in Gwadar,Good
Renovated Bungalow with Spacious Garden in Jhelum,Good
"Residential Plot in Gulberg, Karachi, Ready for Construction",Good
Luxury Apartment in Islamabad's Blue Area,Good
Lavish Farmhouse Retreat in Chakwal's Countryside,Good
Investor's Delight: Plot in Bahria Lahore's Thriving Community,Good
Historic Residence with Modern Amenities in Haripur,Good
"Commercial Building in Rawalpindi Cantt, Ideal for Business",Good
Golf Course Villa in Sialkot's Exclusive Golf Community,Good
Secluded Mountain Retreat in Nathiagali with Scenic Views,Good
Income-Generating Plaza in Hyderabad's Commercial Hub,Good
Spacious 4-Marla Home in Karachi's Gulshan-e-Iqbal,Good
"Spectacular View Penthouse in F-10, Islamabad's Diplomatic Area",Good
Green Farm Land in Kasur for Agricultural Ventures,Good
Investment Plot in Bahria Rawalpindi's Growing Neighborhoods,Good
Colonial-Style House with Vintage Charm in Wah Cantt,Good
Commercial Office Space on Lahore's Vibrant Main Boulevard,Good
"Riverside Cottage in Swat Valley, Perfect Getaway Destination",Good
Commercial Showroom in Gujrat's Prime Commercial Area,Good
Elegant 7-Bedroom Villa with Luxury Features in Lahore,Good
Investment Plot for Sale in DHA Multan's Expanding Community,Good
120 Sq Yd Plot in DHA Phase 3 for Sale,Good
240 Sq Yd House in DHA Phase 2 for Rent,Good
3 Bedroom Apartment in Clifton Block 3 for Sale,Good
4 Bedroom Villa in Bahria Town Karachi for Rent,Good
5 Bedroom House in Gulshan-e-Iqbal Block 9 for Sale,Good
6 Bedroom Apartment in Defence Phase 5 for Rent,Good
7 Bedroom Villa in PECHS Block 5 for Sale,Good
8 Bedroom House in North Nazimabad Block L for Rent,Good
9 Bedroom Apartment in Korangi Creek City for Sale,Good
10 Bedroom Villa in Malir Cantt for Rent,Good
1 Kanal Plot in Gulberg III Block A for Sale,Good
2 Kanal House in DHA Phase 5 Block J for Rent,Good
3 Bedroom Apartment in Defence Phase 6 Block H for Sale,Good
4 Bedroom Villa in Bahria Town Lahore for Rent,Good
5 Bedroom House in Model Town Block A for Sale,Good
6 Bedroom Apartment in Johar Town Block L for Rent,Good
7 Bedroom Villa in Wapda Town Block O for Sale,Good
8 Bedroom House in Garden Town Block B for Rent,Good
9 Bedroom Apartment in Allama Iqbal Town Block F for Sale,Good
10 Bedroom Villa in Faisal Town Block R for Rent,Good
5 Marla Plot in Sector F-15 for Sale,Good
10 Marla House in Sector F-7 for Rent,Good
2 Bedroom Apartment in Sector F-8 for Sale,Good
3 Bedroom Villa in Sector G-12 for Rent,Good
4 Bedroom House in Sector E-12 for Sale,Good
5 Bedroom Apartment in Sector F-7 for Rent,Good
6 Bedroom Villa in Sector G-11 for Sale,Good
7 Bedroom House in Sector E-11 for Rent,Good
8 Bedroom Apartment in Sector F-6 for Sale,Good
9 Bedroom Villa in Sector G-10 for Rent,Good
10 Bedroom House in Sector E-10 for Sale,Good
10 Marla Plot in Faisalabad for Sale,Good
1 Kanal House in Multan for Rent,Good
3 Bedroom Apartment in Rawalpindi for Sale,Good
4 Bedroom Villa in Gujranwala for Rent,Good
5 Bedroom House in Peshawar for Sale,Good
6 Bedroom Apartment in Hyderabad for Rent,Good
7 Bedroom Villa in Sukkur for Sale,Good
8 Bedroom House in Bahawalpur for Rent,Good
9 Bedroom Apartment in Sialkot for Sale,Good
10 Bedroom Villa in Faisalabad for Rent,Good
"Karachi Mein Choti Apartment, Potential Ke Sath""",Average
"""Lahore Mein Semi-Furnished Ghar, Bechne Ke Liye""",Average
"""Islamabad Mein Munasib Commercial Jagah""",Average
"""Rawalpindi Mein Cozy Studio Apartment""",Average
"""Faisalabad Mein 4-Bedroom Fixer-Upper""",Average
"""Multan Mein Budget-Friendly Plot""",Average
"""Hyderabad Mein Standard 3-BR Apartment""",Average
"""Quetta Mein Purane Ghar Mein Character""",Average
"""Peshawar Mein Compact Office Space""",Average
"""Gujranwala Mein Simple 2-Bedroom Flat""",Average
"""Sialkot Mein Basic Townhouse""",Average
"""Sukkur Mein Entry-Level Shop Kiraye Par""",Average
"""Larkana Mein No-Frills 1-BR Apartment""",Average
"""Bahawalpur Mein 5-Marla Standard Ghar""",Average
"""Sheikhupura Mein Standard Warehouse""",Average
"""Jhang Mein Basic Commercial Property""",Average
"""Sahiwal Mein Munasib Zameen Khareedari""",Average
"""Sargodha Mein Starter Ghar""",Average
"""Okara Mein Minimalist Office Space""",Average
"""Mirpur Khas Mein Unfurnished 2-BR Flat""",Average
"""Rahim Yar Khan Mein Economical 4-Bedroom Ghar""",Average
"""Chiniot Mein Basic Retail Space""",Average
"""Gujrat Mein No-Frills 1-BR Apartment""",Average
"""Kasur Mein Purane 3-Bedroom Ghar""",Average
"""Dera Ghazi Khan Mein Choti Dukan Kiraye Par""",Average
"""Mardan Mein Plain 2-BR Apartment""",Average
"""Nawabshah Mein Standard 5-Marla Ghar""",Average
"""Mingora Mein Minimalist Commercial Property""",Average
"""Chakwal Mein Basic Zameen Khareedari""",Average
"""Khairpur Mein Starter Ghar""",Average
"""Hafizabad Mein Simple Office Space""",Average
"""Kohat Mein Budget-Friendly 1-BR Flat""",Average
"""Kamoke Mein Modest 4-Bedroom Ghar""",Average
"""Jacobabad Mein Unfurnished Retail Space""",Average
"""Attock Mein No-Frills 2-BR Apartment""",Average
"""Nowshera Mein Basic 6-Marla Ghar""",Average
"""Muzaffargarh Mein Economical Warehouse""",Average
"""Khanewal Mein Plain Commercial Property""",Average
"""Dera Ismail Khan Mein Munasib Zameen Khareedari""",Average
"""Bahawalnagar Mein Starter Ghar""",Average
"""Toba Tek Singh Mein Simple Office Space""",Average
"""Sadiqabad Mein Bare-Bones 1-BR Flat""",Average
"""Pakpattan Mein Standard 3-Bedroom Ghar""",Average
"""Burewala Mein Basic Shop Kiraye Par""",Average
"""Khuzdar Mein No-Frills 2-BR Apartment""",Average
"""Mandi Bahauddin Mein Modest 5-Marla Ghar""",Average
"""Dadu Mein Unfurnished Retail Space""",Average
"""Chaman Mein Budget-Friendly 6-Marla Plot""",Average
"""Hangu Mein Economical 4-BR Ghar""",Average
"""Mirpur Mein Plain Commercial Property""",Average
"""House in Islamabad""",Average
"""Apartment in Lahore""",Average
"""Commercial Space in Karachi""",Average
"""Plot in Rawalpindi""",Average
"""Townhouse in Faisalabad""",Average
"""Shop in Multan""",Average
"""Office Space in Hyderabad""",Average
"""Residential Plot in Quetta""",Average
"""Flat in Peshawar""",Average
"""Villa in Gujranwala""",Average
"""Warehouse in Sialkot""",Average
"""Farmhouse in Sukkur""",Average
"""Agricultural Land in Larkana""",Average
"""Luxury Apartment in Bahawalpur""",Average
"""Budget House in Sheikhupura""",Average
"""Retail Space in Jhang""",Average
"""Investment Property in Sahiwal""",Average
"""Cozy Home in Sargodha""",Average
"""Affordable Office in Okara""",Average
"""Family Apartment in Mirpur Khas""",Average
"""Modern House in Rahim Yar Khan""",Average
"""Prime Retail Location in Chiniot""",Average
"""Residential Plot in Gujrat""",Average
"""Townhouse in Kasur""",Average
"""Office Space for Rent in Dera Ghazi Khan""",Average
"""Elegant Apartment in Mardan""",Average
"""Duplex House in Nawabshah""",Average
"""Corner Shop in Mingora""",Average
"""Investment Plot in Chakwal""",Average
"""Charming Home in Khairpur""",Average
"""Renovated Office Space in Hafizabad""",Average
"""Studio Apartment in Kohat""",Average
"""Lake View House in Kamoke""",Average
"""Retail Space for Lease in Jacobabad""",Average
"""Mountain-View Plot in Attock""",Average
"""Spacious Residence in Nowshera""",Average
"""Industrial Warehouse in Muzaffargarh""",Average
"""Commercial Property in Khanewal""",Average
"""Fertile Agricultural Land in Dera Ismail Khan""",Average
"""Affordable Starter Home in Bahawalnagar""",Average
"""Convenient Office Space in Toba Tek Singh""",Average
"""Cosy 1-BR Flat in Sadiqabad""",Average
"""Rural House in Pakpattan""",Average
"""Downtown Shop for Rent in Burewala""",Average
"""2-BR Apartment in Khuzdar""",Average
"""5-Marla House in Mandi Bahauddin""",Average
"""High-Traffic Retail Space in Dadu""",Average
"""Development Plot in Chaman""",Average
"""4-BR House in Hangu""",Average
"""Corner Commercial Property in Mirpur""",Average
"""Untitled Listing""",Bad
"""Listing #12345""",Bad
"""Property for Sale""",Bad
"""New Listing""",Bad
"""Check This Out""",Bad
"""Great Deal""",Bad
"""Available Now""",Bad
"""Must Go""",Bad
"""See for Yourself""",Bad
"""Incredible Offer""",Bad
"""Prime Property""",Bad
"""Make an Offer""",Bad
"""Best in Town""",Bad
"""Wow!""",Bad
"""Unbelievable Opportunity""",Bad
"""Rare Find""",Bad
"""Hot Listing""",Bad
"""Act Fast""",Bad
"""Call Today""",Bad
"""One of a Kind""",Bad
"""Investment Property""",Bad
"""Location, Location, Location""",Bad
"""Buy Now""",Bad
"""Price Reduced""",Bad
"""Don't Wait""",Bad
"""Call Now""",Bad
"""Huge Discount""",Bad
"""Motivated Seller""",Bad
"""Serious Buyers Only""",Bad
"""Limited Time Offer""",Bad
"""Exclusive Listing""",Bad
"""Seller Financing Available""",Bad
"""Cash Only""",Bad
"""Close to Everything""",Bad
"""Opportunity Knocks""",Bad
"""Newly Renovated""",Bad
"""Great Views""",Bad
"""Luxury Living""",Bad
"""Dream Home""",Bad
"""Investor's Dream""",Bad
"""Below Market Value""",Bad
"""Foreclosure Sale""",Bad
"""Open House""",Bad
"""Best Price in Town""",Bad
"""Won't Last Long""",Bad
"""No Agents Please""",Bad
"""As Is Sale""",Bad
"""Owner Needs to Sell""",Bad
"""Price to Sell""",Bad
"""Don't Miss Out""",Bad
"""Bank Owned""",Bad
"""Priced to Move""",Bad
"""Make an Offer Today""",Bad
"""Best Deal in Town""",Bad
"""Won't Find Better""",Bad
"""Great Investment""",Bad
"""Call for Details""",Bad
"""Cheap Property""",Bad
"""Fixer-Upper""",Bad
"""Needs TLC""",Bad
"""Handyman Special""",Bad
"""Bargain Buy""",Bad
"""Lowest Price Ever""",Bad
"""Ready to Sell""",Bad
"""Renovation Project""",Bad
"""Make it Your Own""",Bad
"""No Reserve Auction""",Bad
"""Moving Must Sell""",Bad
"""Steal of a Deal""",Bad
"""Must Sell Fast""",Bad
"""Serious Inquiries Only""",Bad
"""Bring All Offers""",Bad
"""Fire Sale""",Bad
"""Estate Sale""",Bad
"""Seller Motivated""",Bad
"""Vacant Land""",Bad
"""Clearance Sale""",Bad
"""Fix and Flip Opportunity""",Bad
"""Handyman's Dream""",Bad
"""Move-In Ready""",Bad
"""Price Slashed""",Bad
"""Urgent Sale""",Bad
"""Bank Foreclosure""",Bad
"""Quiet Neighborhood""",Bad
"""Lots of Potential""",Bad
"""Below Appraisal Value""",Bad
"""Reduced for Quick Sale""",Bad
"""Cash Buyers Only""",Bad
"""Immediate Possession""",Bad
"""Close to Schools""",Bad
"""Seller Relocating""",Bad
"""Ready to Negotiate""",Bad
"""Bring Your Imagination""",Bad
"""Investor Special""",Bad
"""Family Home""",Bad
"""Must Be Seen""",Bad
"""Unique Opportunity""",Bad
"""First Time on Market""",Bad
"""Flexible Financing Options""",Bad
"""Contact for Price""",Bad
List #12345,Bad
Makaan Khareedari Ke Liye,Bad
Nayi List,Bad
Isay Dekhain,Bad
Shandar Faisla,Bad
Abhi Dastiyab Hai,Bad
Khareedari Ki Tijarat,Bad
Khushkhabri Aai,Bad
Anmol Peshkash,Bad
Garam List,Bad
Tezi Se Kharidari Karen,Bad
Shehar Mein Behtareen,Bad
Yeh Daikhain,Bad
Naqabil Yaqeen Moqa,Bad
Aik Anokha Paya Jata Hai,Bad
Taiz Listing,Bad
Foran Amal Karein,Bad
Aaj Hi Call Karen,Bad
Kam Keemat,Bad
Investment Ki Tijarat,Bad
"Jagah, Jagah, Jagah",Bad
Abhi Khareeden,Bad
Keemat Kam Ki Gayi,Bad
Intezaar Mat Karen,Bad
Abhi Call Karen,Bad
Zabardast Choot,Bad
Mehnat Kash Bikne Wala,Bad
Sirf Asal Kharidaron Ke Liye,Bad
Mehdood Arsay Ki Tijarat,Bad
Khaas List,Bad
Mehngi Listing,Bad
Sirf Nakad,Bad
Har Cheez Ke Qareeb,Bad
Moqa Khareedari,Bad
Shandar Nazar,Bad
Aala Darja Ki Rehaish,Bad
Khwabon Ka Ghar,Bad
Investor's Dream,Bad
Neeche Pasar Ki Keemat,Bad
Foreclosure Sale,Bad
Open House,Bad
Shehar Ke Behtareen Makaan,Bad
Yeh Na Miss Karen,Bad
Bank Ki Malkiyat,Bad
Foran Khareedari Ke Liye Keemat Kam,Bad
Abhi Mat Intezaar Karen,Bad
Call Karen Abhi,Bad
Asal Kharidar Chahiye,Bad
Na Reserve Auction,Bad
Move Karne Wale Ki Malkiyat,Bad
Bari Choot,Bad
Amarat Ki Malkiyat,Bad
Malik Ko Bechna Hai,Bad
Kharidar Ke Liye Keemat,Bad
Sheher Mein Behtareen Malkiyat,Bad
