﻿Descriptions
"A modern 5-bedroom house in Lahore's prime locality, perfect for a growing family seeking comfort and style."
"Invest in success with this prime commercial space in Karachi's bustling business district, ideal for businesses seeking high visibility."
"Experience opulence in this 1-kanal villa in DHA Islamabad, featuring 6 bedrooms, lush gardens, and top-notch security."
"Affordable 2-bedroom apartment in Rawalpindi, ideal for couples or small families seeking convenience and access to local amenities."
"Invest wisely with this residential plot in Multan's emerging society, offering potential for development and capital appreciation."
"Modern studio apartment in Lahore's iconic tower, providing breathtaking views and access to a range of amenities."
"Escape to nature with this serene farmhouse retreat in the hills of Murree, a peaceful getaway surrounded by scenic beauty."
"Showcase your brand in this spacious commercial showroom on Lahore's fashionable Main Boulevard, perfect for retail and fashion businesses."
"Build your dream home on this residential plot in Karachi's central location, offering easy access to schools, markets, and recreation."
"Elevate your lifestyle with this luxurious penthouse in DHA Karachi, featuring 4 bedrooms, stunning sea views, and high-end amenities."
"Begin your real estate journey with this budget-friendly plot in Multan's thriving housing scheme, a wise investment choice."
"Experience city living in this studio apartment located in Lahore's vibrant neighborhood, ideal for young professionals and singles."
"Unwind at this hilltop farmhouse in Nathiagali, surrounded by lush gardens and panoramic views, a nature lover's paradise."
"Expand your business in this prime commercial plaza in Faisalabad's bustling business hub, offering high foot traffic and visibility."
"Create memories in this inviting 4-bedroom family home in Sialkot, with a spacious yard for outdoor activities and gatherings."
"Start or expand your retail business in this well-located shop in Gujranwala's main market, benefiting from a bustling shopping environment."
"Escape to the mountains with this charming cabin in Kaghan Valley, perfect for a peaceful vacation amidst natural beauty."
"Invest wisely in this plot located in Bahria Rawalpindi's growing community, capitalizing on potential appreciation and development."
"Establish your business in this strategic commercial space located in Peshawar's bustling shopping district, ideal for retail ventures."
"Live in grandeur with this spacious 7-bedroom villa in Lahore's elite enclave, offering modern amenities and luxurious living."
Build your dream home on this ready-to-construct residential plot in Karachi's sought-after Gulberg area.
"Indulge in luxury with this lavish apartment in Islamabad's diplomatic enclave, featuring high-end features and embassy accessibility."
"Own a piece of history with this historic residence in Taxila, thoughtfully updated with modern conveniences."
"Showcase your business in this bustling commercial space in Sargodha's vibrant marketplace, perfect for attracting customers."
"Discover affordability with this 4-marla home in Karachi's Gulshan-e-Iqbal, suitable for small families and professionals."
"Invest strategically with this plot in Bahria Lahore's thriving community, offering future growth and development opportunities."
"Live in style with this luxury apartment in Lahore's prime Blue Area, providing modern comforts and city views."
"Enjoy a charming farmhouse retreat in Chakwal's countryside, perfect for weekend getaways and relaxation."
"Invest in your future with this residential plot in Lahore's DHA, providing an opportunity for long-term growth."
"Find your dream home in this 3-bedroom house in Karachi's prestigious Clifton area, offering comfort and convenience."
"Spacious commercial building in Islamabad's F-10 sector, providing versatile space for businesses aiming to make their mark."
"Discover tranquility in this mountain cottage nestled in Abbottabad's serene hills, ideal for a peaceful retreat."
"Cozy 2-bedroom apartment in Rawalpindi, catering to small families or professionals looking for convenience."
"Secure your investment with this residential plot in Lahore's DHA Phase 6, offering future potential and a secure community."
"Invest in your dream home with this 5-bedroom house in Multan, featuring modern amenities and a spacious backyard."
"Prime commercial space on Karachi's main road, perfect for businesses seeking high visibility and customer traffic."
"Luxury 1-kanal villa in Islamabad's upscale sector, offering 6 bedrooms, lush gardens, and an exclusive lifestyle."
"Budget-friendly 3-bedroom apartment in Rawalpindi, designed for families seeking comfort and affordability."
"Investor's paradise: residential plot in Lahore's DHA Phase 8, with potential for future growth and development."
"Modern 2-bedroom flat in Faisalabad's prime location, perfect for young professionals or small families."
"Commercial showroom on Lahore's renowned Mall Road, ideal for businesses seeking a prestigious location."
"Experience nature at its best with this farmhouse retreat in Kasur, providing serenity and lush surroundings."
"Investment plot in Bahria Rawalpindi's expanding community, offering potential for high returns and development."
"Strategic commercial space in Gujrat's main market, catering to businesses looking for visibility and accessibility."
"Spacious 6-bedroom villa in Karachi's DHA Phase 7, providing modern comforts and a secure environment."
"Affordable 2-bedroom flat in Bahria Town Lahore, perfect for individuals or small families."
"Invest wisely with this residential plot in Gwadar, a promising area with great potential."
"Commercial space in Sialkot's bustling marketplace, offering an opportunity for businesses to thrive."
"5-bedroom family home in Islamabad's F-8 sector, featuring a spacious lawn and modern interiors."
"Investment plot in Lahore's Gulberg, offering a prime location with potential for future development."
5 Marla Plot in Sector F-14 for Sale
"This 5 marla plot is located in Sector F-14, Islamabad. It is a corner plot with a wide road on two sides. The plot is in a prime location, close to all major amenities. The sector is also well-developed, with wide roads, parks, and playgrounds."
10 Marla House in Sector F-6 for Rent
"This 10 marla house is located in Sector F-6, Islamabad. It is a double-story house with 5 bedrooms, 4 bathrooms, and a spacious living and dining room. The house also has a basement with a garage and a servant quarter. The sector is well-developed, with wide roads, parks, and playgrounds."
2 Bedroom Apartment in Sector F-8 for Sale
"This 2 bedroom apartment is located in Sector F-8, Islamabad. It is a 1200 square feet apartment with a spacious living and dining room, 2 bedrooms, 2 bathrooms, and a kitchen. The apartment also has a balcony with stunning views of the city. The sector is well-developed, with wide roads, parks, and playgrounds."
3 Bedroom Villa in Sector G-11 for Rent
"This 3 bedroom villa is located in Sector G-11, Islamabad. It is a 2000 square feet villa with a spacious living and dining room, 3 bedrooms, 3 bathrooms, and a kitchen. The villa also has a garden and a terrace. The sector is well-developed, with wide roads, parks, and playgrounds."
4 Bedroom House in Sector E-11 for Sale
"This 4 bedroom house is located in Sector E-11, Islamabad. It is a 2500 square feet house with a spacious living and dining room, 4 bedrooms, 4 bathrooms, and a kitchen. The house also has a garden and a terrace. The sector is well-developed, with wide roads, parks, and playgrounds."
5 Bedroom Apartment in Sector F-7 for Rent
"This 5 bedroom apartment is located in Sector F-7, Islamabad. It is a 3000 square feet apartment with a spacious living and dining room, 5 bedrooms, 5 bathrooms, and a kitchen. The apartment also has a balcony with stunning views of the city. The sector is well-developed, with wide roads, parks, and playgrounds."
6 Bedroom Villa in Sector G-10 for Sale
"This 6 bedroom villa is located in Sector G-10, Islamabad. It is a 3500 square feet villa with a spacious living and dining room, 6 bedrooms, 6 bathrooms, and a kitchen. The villa also has a garden and a swimming pool. The sector is well-developed, with wide roads, parks, and playgrounds."
7 Bedroom House in Sector E-10 for Rent
"This 7 bedroom house is located in Sector E-10, Islamabad. It is a 4000 square feet house with a spacious living and dining room, 7 bedrooms, 7 bathrooms, and a kitchen. The house also has a garden and a terrace. The sector is well-developed, with wide roads, parks, and playgrounds."
8 Bedroom Apartment in Sector F-6 for Sale
"This 8 bedroom apartment is located in Sector F-6, Islamabad. It is a 4500 square feet apartment with a spacious living and dining room, 8 bedrooms, 8 bathrooms, and a kitchen. The apartment also has a balcony with stunning views of the city. The sector is well-developed, with wide roads, parks, and playgrounds."
9 Bedroom Villa in Sector G-9 for Rent
"This 9 bedroom villa is located in Sector G-9, Islamabad. It is a 5000 square feet villa with a spacious living and dining room, 9 bedrooms, 9 bathrooms, and a kitchen. The villa also has a garden and a swimming pool. The sector is well-developed, with wide roads, parks, and playgrounds."
10 Bedroom House in Sector E-9 for Sale
"This 10 bedroom house is located in Sector E-9, Islamabad. It is a 5500 square feet house with a spacious living and dining room, 10 bedrooms, 10 bathrooms, and a kitchen. The house also has a garden and a terrace. The sector is well-developed, with wide roads, parks, and playgrounds."
"1 Kanal Plot in Sector F-7 for Sale This 1 kanal plot is located in Sector F-7, Islamabad. It is a corner plot with a wide road on two sides. The plot is in a prime location, close to all major amenities. The sector is also well-developed, with wide roads, parks, and playgrounds."
"2 Kanal House in Sector F-6 for Rent This 2 kanal house is located in Sector F-6, Islamabad. It is a double-story house with 6 bedrooms, 5 bathrooms, and a spacious living and dining room. The house also has a basement with a garage and a servant quarter. The sector is well-developed, with wide roads, parks, and playgrounds."
"3 Kanal Villa in Sector G-11 for Sale This 3 kanal villa is located in Sector G-11, Islamabad. It is a 3000 square feet villa with a spacious living and dining room, 5 bedrooms, 5 bathrooms, and a kitchen. The villa also has a garden and a swimming pool. The sector is well-developed, with wide roads, parks, and playgrounds."
"4 Kanal House in Sector E-11 for Rent This 4 kanal house is located in Sector E-11, Islamabad. It is a 3500 square feet house with a spacious living and dining room, 6 bedrooms, 6 bathrooms, and a kitchen. The house also has a garden and a terrace. The sector is well-developed, with wide roads, parks, and playgrounds."
"5 Kanal Apartment in Sector F-7 for Sale This 5 kanal apartment is located in Sector F-7, Islamabad. It is a 4000 square feet apartment with a spacious living and dining room, 7 bedrooms, 7 bathrooms, and a kitchen. The apartment also has a balcony with stunning views of the city. The sector is well-developed, with wide roads, parks, and playgrounds."
"6 Kanal Villa in Sector G-10 for Rent This 6 kanal villa is located in Sector G-10, Islamabad. It is a 4500 square feet villa with a spacious living and dining room, 8 bedrooms, 8 bathrooms, and a kitchen. The villa also has a garden and a swimming pool. The sector is well-developed, with wide roads, parks, and playgrounds."
"7 Kanal House in Sector E-10 for Sale This 7 kanal house is located in Sector E-10, Islamabad. It is a 5000 square feet house with a spacious living and dining room, 9 bedrooms, 9 bathrooms, and a kitchen. The house also has a garden and a terrace. The sector is well-developed, with wide roads, parks, and playgrounds."
"8 Kanal Apartment in Sector F-6 for Rent This 8 kanal apartment is located in Sector F-6, Islamabad. It is a 5500 square feet apartment with a spacious living and dining room, 10 bedrooms, 10 bathrooms, and a kitchen. The apartment also has a balcony with stunning views of the city. The sector is well-developed, with wide roads, parks, and playgrounds."
"9 Kanal Villa in Sector G-9 for Sale This 9 kanal villa is located in Sector G-9, Islamabad. It is a 6000 square feet villa with a spacious living and dining room, 11 bedrooms, 11 bathrooms, and a kitchen. The villa also has a garden and a swimming pool. The sector is well-developed, with wide roads, parks, and playgrounds."
"10 Kanal House in Sector E-9 for Rent This 10 kanal house is located in Sector E-9, Islamabad. It is a 6500 square feet house with a spacious living and dining room, 12 bedrooms, 12 bathrooms, and a kitchen. The house also has a garden and a terrace. The sector is well-developed, with wide roads, parks, and playgrounds."
"1 Kanal Plot in DHA Phase 6 for Sale This 1 kanal plot is located in DHA Phase 6, Karachi. It is a corner plot with a wide road on two sides."
"10 Marla Commercial Plot in DHA Phase 6, Karachi for Sale"
"This 10 marla commercial plot is located in DHA Phase 6, Karachi. It is a corner plot with a wide road on two sides. The plot is in a prime location, close to all major amenities. The sector is also well-developed, with wide roads, parks, and playgrounds."
"2 Kanal House in Gulshan-e-Iqbal Block 8, Karachi for Rent"
"This 2 kanal house is located in Gulshan-e-Iqbal Block 8, Karachi. It is a double-story house with 6 bedrooms, 5 bathrooms, and a spacious living and dining room. The house also has a basement with a garage and a servant quarter. The sector is well-developed, with wide roads, parks, and playgrounds."
"3 Bedroom Apartment in Defence Phase 4, Karachi for Sale"
"This 3 bedroom apartment is located in Defence Phase 4, Karachi. It is a 1200 square feet apartment with a spacious living and dining room, 3 bedrooms, 2 bathrooms, and a kitchen. The apartment also has a balcony with stunning views of the city. The sector is well-developed, with wide roads, parks, and playgrounds."
"4 Bedroom Villa in PECHS Block 4, Karachi for Rent"
"This 4 bedroom villa is located in PECHS Block 4, Karachi. It is a 2000 square feet villa with a spacious living and dining room, 4 bedrooms, 3 bathrooms, and a kitchen. The villa also has a garden and a terrace. The sector is well-developed, with wide roads, parks, and playgrounds."
"5 Bedroom House in North Nazimabad Block K, Karachi for Sale"
"This 5 bedroom house is located in North Nazimabad Block K, Karachi. It is a 2500 square feet house with a spacious living and dining room, 5 bedrooms, 4 bathrooms, and a kitchen. The house also has a garden and a terrace. The sector is well-developed, with wide roads, parks, and playgrounds."
"6 Bedroom Apartment in Korangi Creek View, Karachi for Rent"
"This 6 bedroom apartment is located in Korangi Creek View, Karachi. It is a 3000 square feet apartment with a spacious living and dining room, 6 bedrooms, 5 bathrooms, and a kitchen. The apartment also has a balcony with stunning views of the creek. The sector is well-developed, with wide roads, parks, and playgrounds."
"7 Bedroom Villa in Malir Cantt, Karachi for Sale"
"This 7 bedroom villa is located in Malir Cantt, Karachi. It is a 3500 square feet villa with a spacious living and dining room, 7 bedrooms, 6 bathrooms, and a kitchen. The villa also has a garden and a swimming pool. The sector is well-developed, with wide roads, parks, and playgrounds."
"1000 Sq Ft Office Space in Blue Area, Islamabad for Rent"
"This 1000 square feet office space is located in Blue Area, Islamabad. It is a fully furnished office space with a reception area, two meeting rooms, and several workstations. The office building is located in a prime location, close to all major amenities."
"2000 Sq Ft Shop in DHA Phase 5, Karachi for Sale"
"This 2000 square feet shop is located in DHA Phase 5, Karachi. It is a commercial shop with a wide frontage on a busy road. The shop is in a prime location, close to all major amenities."
3000 Sq Ft Warehouse in Multan for Rent
"This 3000 square feet warehouse is located in Multan. It is a fully equipped warehouse with high ceilings, loading bays, and a security system. The warehouse is located in a prime industrial area, close to all major transportation routes."
4000 Sq Ft Factory in Faisalabad for Sale
"This 4000 square feet factory is located in Faisalabad. It is a fully equipped factory with all the necessary machinery and equipment. The factory is located in a prime industrial area, close to all major transportation routes."
5000 Sq Ft Showroom in Lahore for Rent
"This 5000 square feet showroom is located in Lahore. It is a fully furnished showroom with a reception area, display area, and storage area. The showroom is located in a prime commercial area, close to all major amenities."
1 Kanal Farmhouse in Islamabad for Sale
"This 1 kanal farmhouse is located in Islamabad. It is a double-story house with 6 bedrooms, 5 bathrooms, and a spacious living and dining room. The house also has a basement with a garage and a servant quarter. The farmhouse also has a garden, a swimming pool, and a lawn."
"2 Marla Apartment in DHA Phase 6, Karachi for Rent"
"This 2 marla apartment is located in DHA Phase 6, Karachi. It is a 1200 square feet apartment with a spacious living and dining room, 2 bedrooms, 2 bathrooms, and a kitchen. The apartment also has a balcony with stunning views of the city."
"3 Kanal Commercial Plot in Gulshan-e-Iqbal Block 8, Karachi for Sale"
"This 3 kanal commercial plot is located in Gulshan-e-Iqbal Block 8, Karachi. It is a corner plot with a wide road on two sides. The plot is in a prime location, close to all major amenities. The sector is also well-developed, with wide roads, parks, and playgrounds."
"4 Bedroom Villa in Defence Phase 4, Karachi for Rent"
"This 4 bedroom villa is located in Defence Phase 4, Karachi. It is a 2000 square feet villa with a spacious living and dining room, 4 bedrooms, 3 bathrooms, and a kitchen. The villa also has a garden and a terrace. The sector is well-developed, with wide roads, parks, and playgrounds."
"5 Bedroom House in North Nazimabad Block K, Karachi for Sale"
"This 5 bedroom house is located in North Nazimabad Block K, Karachi. It is a 2500 square feet house with a spacious living and dining room, 5 bedrooms, 4 bathrooms, and a kitchen. The house also has a garden and a terrace. The sector is well-developed, with wide roads, parks, and playgrounds."
"6 Bedroom Apartment in Korangi Creek View, Karachi for Rent"
"This 6 bedroom apartment is located in Korangi Creek View, Karachi. It is a 3000 square feet apartment with a spacious living and dining room, 6 bedrooms, 5 bathrooms, and a kitchen. The apartment also has a balcony with stunning views of the creek. The sector is well-developed, with wide roads, parks, and playgrounds."
"7 Bedroom Villa in Malir Cantt, Karachi for Sale"
"This 7 bedroom villa is located in Malir Cantt, Karachi. It is a 3500 square feet villa with a spacious living and dining room, 7 bedrooms, 6 bathrooms, and a kitchen. The villa also has a garden and a swimming pool. The sector is well-developed, with wide roads, parks, and playgrounds."
"1000 Sq Ft Office Space in Blue Area, Islamabad for Rent"
"This 1000 square feet office space is located in Blue Area, Islamabad. It is a fully furnished office space with a reception area, two meeting rooms, and several workstations. The office building is located in a prime location, close to all major amenities."
"2000 Sq Ft Shop in DHA Phase 5, Karachi for Sale"
"This 2000 square feet shop is located in DHA Phase 5, Karachi. It is a commercial shop with a wide frontage on a busy road. The shop is in a prime location, close to all major amenities."
3000 Sq Ft Warehouse in Multan for Rent
"This 3000 square feet warehouse is located in Multan. It is a fully equipped warehouse with high ceilings, loading bays, and a security system. The warehouse is located in a prime industrial area, close to all major transportation routes."
4000 Sq Ft Factory in Faisalabad for Sale
"This 4000 square feet factory is located in Faisalabad. It is a fully equipped factory with all the necessary machinery and equipment. The factory is located in a prime industrial area, close to all major transportation routes."
5000 Sq Ft Showroom in Lahore for Rent
"This 5000 square feet showroom is located in Lahore. It is a fully furnished showroom with a reception area, display area, and storage area. The showroom is located in a prime commercial area, close to all major amenities."
"Lahore ke behtareen ilaqe mein modern 5-bedroom ghar, ideal aaram aur style chahte hain."
"Karachi ke busy business district mein prime commercial space, aala nazar aur zyada customers ki talash mein."
"DHA Islamabad mein 1-kanal villa, 6 bedrooms, haryali aur behtareen security ke saath."
"Rawalpindi mein saste daam par 2-bedroom apartment, ideal chhoti families ke liye."
"Multan ke emerging society mein investment plot, future potential ke saath."
"Lahore ke iconic tower mein modern studio apartment, sheher ki khoobsurat manazir ke saath."
"Murree ke hills mein farmhouse retreat, shaanti bhari chutti ke liye perfect."
"Lahore ke fashion Main Boulevard par commercial showroom, retail aur fashion businesses ke liye behtareen."
"Karachi ke darmiyan ilaqe mein residential plot, schools, markets, aur tafreeh se aasani se haasil."
"DHA Karachi mein luxurious penthouse, 4 bedrooms, samundar ki manzilen aur aala sahulatien."
"Multan ke thriving housing scheme mein budget-friendly plot, smart investment choice."
"Lahore ke vibrant mahaul mein studio apartment, young professionals aur singles ke liye perfect."
"Nathiagali ke pahaadon mein hilltop farmhouse, haryali, haseen manazir aur shaanti bhari chutti."
"Faisalabad ke busy business hub mein prime commercial plaza, zyada customers aur visibility."
"Sialkot mein business shop, Gujranwala ke main market mein, vibrant shopping environment."
"Kaghan Valley mein charming cabin, peaceful vacation ke liye ideal."
"Bahria Rawalpindi mein growing community mein investment plot, future appreciation aur development opportunities."
"Peshawar ke bustling shopping district mein commercial space, retail ventures ke liye perfect."
"Lahore ke elite enclave mein spacious 7-bedroom villa, modern amenities aur luxurious living."
"Karachi ke Gulberg area mein ready-to-construct residential plot, dream home banane ke liye."
"Islamabad ke diplomatic enclave mein lavish apartment, embassy ki asani se pohnch aur modern suvidhaon ke saath."
"Taxila mein historic residence, modern suvidhaon ke saath."
"Sargodha ke bustling marketplace mein commercial space, customers ko attract karne ke liye perfect."
"Gulshan-e-Iqbal, Karachi mein affordably 4-marla ghar, small families aur professionals ke liye suitable."
"Bahria Lahore ki thriving community mein strategic plot, future growth aur development opportunities."
"Lahore ke prime Blue Area mein luxury apartment, modern comforts aur sheher ki manazir."
"Kasur ke countryside mein serene farmhouse retreat, weekend getaways aur relaxation ke liye perfect."
"Lahore ke behtareen DHA Phase 6 mein investment plot, secure community aur future potential."
"Multan ke 5-bedroom ghar mein modern comforts aur spacious yard, family time ke liye."
"Karachi ke main road par prime commercial space, zyada customers aur visibility."
"Islamabad ke F-10 sector mein spacious commercial building, versatile space for businesses."
"Abbottabad ke hills mein mountain cottage, peaceful retreat ke liye."
